"23.703610,120.413295,1","23.698812,120.394894,1","23.702549,120.421311,2","23.711690,120.402288,1","23.718280,120.389380,1","23.715208,120.390002,1","23.709830,120.379025,1","23.699516,120.377351,1","23.695459,120.417680,1","23.695000,120.426538,1","23.685920,120.422832,1","23.690287,120.428366,1","23.695472,120.404578,1","23.681623,120.401369,1","23.682520,120.404091,1","23.672969,120.397832,1","23.681516,120.400474,1","23.702907,120.407884,1","23.705115,120.401750,1","23.689751,120.398900,1","23.710641,120.411409,1","23.699655,120.404186,1","23.709229,120.421112,1","23.706560,120.413075,1","23.728575,120.477581,1","23.729400,120.487552,1","23.715182,120.426769,1","23.740724,120.453861,1","23.725073,120.454544,1","23.745191,120.443657,1","23.729973,120.426746,1","23.720618,120.426752,2","23.715710,120.416240,2","23.725206,120.409480,3","23.728152,120.407557,2","23.712924,120.414490,3","23.721230,120.402829,2","23.730205,120.409098,2","23.741283,120.464314,3","23.739933,120.465037,3","23.742404,120.478686,3","23.740500,120.475381,2","23.740540,120.484462,1","23.750864,120.461997,4","23.731603,120.469960,1","23.747021,120.456551,3","23.740700,120.464959,2","23.734799,120.466990,4","23.729474,120.447467,2","23.734405,120.449870,2","23.725853,120.467840,3","23.724980,120.460725,2","23.678829,120.389411,1","23.733204,120.480266,4","23.717803,120.473940,2","23.724420,120.495270,1","23.690228,120.437420,2","23.700016,120.445936,1","23.680966,120.431909,1","23.694520,120.446807,2","23.701014,120.442695,2","23.686105,120.437520,2","23.708070,120.468744,2","23.714615,120.470770,2","23.711130,120.474252,2","23.702468,120.480241,2","23.719270,120.483238,2","23.729077,120.480071,2","23.722417,120.398023,1","23.742701,120.404230,2","23.722602,120.418060,1","23.712188,120.410220,2","23.716670,120.406550,2","23.722243,120.409437,3","23.721050,120.403944,1","23.711707,120.418132,1","23.721140,120.407380,2","23.707870,120.407627,1","23.704060,120.399790,1","23.719116,120.411320,1","23.701262,120.390890,1","23.714860,120.392548,1","23.702697,120.394610,1","23.720224,120.393040,1","23.706777,120.369685,1","23.699550,120.369780,1"
0,295.066,0,46.593,80.65,202.762,0,0,0,0,0,0,0,0,0,0,129.42,0,0,0,0,0,241.543,0,0,0,0,0,73.074,72.807,0,42.531,83.653,0,0,0,0,0,0,0,223.965,0,0,145.471,88.852,0,0,119.484,0,0,167.232,0,0,0,0,0,0,73.432,0,0,0,0,0,0,0,0,0.858,0,301.14,161.643,114.656,0,0,0,0,0,0,0,48.262,9.512,0,111.97,71.121,141.14,0,0
0,0,0,4.717,0,169.912,0,41.586,0,0,0,136.839,0,0,0,0,0,0,87.024,145.662,0,87.327,0.166,0,291.338,169.272,0,0,0,0,0,0,0,13.031,0,0,0,0,0,0,0,0,362.324,0,0,0,0,0,0,0,154.094,0,0,0,0,285.995,0,0,0,0,0,0,0,0,0,0,0.362,84.699,85.098,105.365,0,0,0,0,0,183.946,0,0,0,0,0,0,0,0,0,178.448
0,273.271,0,63.476,84.097,155.734,0,68.731,185.392,225.229,0,0,0,221.075,65.859,55.798,1.725,176.804,0,0,0,0,226.799,0,28.215,82.297,0,0,89.868,91.519,0,0,0,13.531,0,34.038,0,0,105.573,76.883,0,88.583,0,0,86.337,0,79.613,0,0,0,172.835,0,0,0,0,0,0,0,0,0,45.111,0,0,270.691,264.511,88.871,271.177,253.305,0,0,0,0,0,0,0,0,0,0,46.406,143.354,0,0,0,0,0,0
0,0,0,0,0,154.286,58.324,0,0,0,0,24.312,159.892,0,0,84.233,72.059,0,0,296.749,0,143.755,0.298,360.133,0,0,98.527,93.61,0,0,30.306,0,0,7.015,70.109,66.197,0,67.378,0,0,0,0,0,151.32,0,0,0,131.042,0,0,186.318,0,0,99.147,0,348.511,0,0,156.381,0,0,134.198,0,109.399,0,0,0,0,261.653,152.3,6.52,6.192,0,65.969,0,168.974,0,0,0,0,0,147.82,93.904,171.921,0,192.559
0,255.188,0,57.412,0,153.712,0,86.825,0,0,0,0,0,0,0,0,0,0,0,1.004,0,0,326.359,0,0,0,0,0,95.212,97.829,0,0,0,0,0,0,105.848,0,0,0,0,0,0,85.81,0,131.975,0,86.292,0,0,0,0,0,0,0,0,0,99.562,0,0,0,0,0,0,0,0,3,0,0,0,89.482,0,0,0,0,0,0,0,55.306,0,0,0,0,0,0,0
0,0,0,0,0,0,0,0,0,0,0,0,0,0,0,28.016,0,0,0,0,0,0,0,0,0,0,0,0,0,0,0,0,0,5.563,0,0,0,0,0,0,0,0,0,0,0,0,0,0,0,0,68.844,0,0,0,0,0,0,0,0,0,0,0,0,0,0,0,650.154,0,0,0,0,0,0,0,0,0,0,0,0,0,0,0,0,0,0,0
0,0,0,0,0,0,0,0,0,0,0,0,0,0,0,0,0,0,0,0,0,0,0,0,0,0,0,0,0,0,0,0,0,0,0,0,0,0,0,0,0,0,0,0,0,0,0,0,0,0,0,0,0,0,0,0,0,0,0,0,0,0,0,0,0,0,101.767,0,0,0,0,0,0,0,0,0,0,0,0,0,0,0,0,0,0,0
0,0,0,0,0,205.67,0,0,0,0,0,0,0,0,0,0,0,0,0,0,0,0,0.99,0,0,0,0,0,0,0,0,0,0,0,0,0,0,0,0,0,0,0,0,0,0,0,0,0,0,0,0,0,0,0,0,0,0,0,0,0,0,0,0,0,0,0,0,0,0,0,0,0,0,0,0,0,0,0,0,0,0,0,0,0,0,0
0,0,0,0,0,195.41,0,0,0,0,0,0,0,0,0,0,0,0,0,0,0,0,0.428,0,0,0,0,0,0,0,0,0,0,0,0,0,0,0,0,0,0,0,0,148.989,0,0,0,129.034,0,0,0,0,0,0,0,0,0,0,0,0,0,0,0,0,0,0,0,0,0,0,47.372,0,0,0,0,0,0,0,0,0,0,0,0,0,0,0
0,0,0,0,0,0,0,0,0,0,0,0,0,0,0,0,0,0,0,0,0,0,0,0,0,0,0,0,0,0,0,0,0,0,0,0,0,0,0,0,0,0,0,0,0,0,0,0,0,0,0,0,0,0,0,0,0,0,0,0,0,0,0,0,0,0,0,0,0,0,0,0,0,0,0,0,0,0,0,0,0,0,0,0,0,0
0,0,0,0,0,0,0,0,0,0,0,0,0,0,0,0,0,0,0,0,0,0,0,0,0,0,0,0,0,0,0,0,0,0,0,0,0,0,0,0,0,0,0,0,0,0,0,0,0,0,0,0,0,0,0,0,0,0,0,0,0,0,0,0,0,0,0,0,0,0,0,0,0,0,0,0,0,0,0,0,0,0,0,0,0,0
0,0,0,0,0,0,0,0,0,0,0,0,0,0,0,0,0,0,0,0,0,0,0,0,0,0,0,0,0,0,0,0,0,0,0,0,0,0,0,0,0,0,0,0,0,0,0,0,0,0,0,0,0,0,0,0,0,0,0,0,0,0,0,0,0,0,0,0,0,0,0,0,0,0,0,0,0,0,0,0,0,0,0,0,0,0
0,0,0,0,0,0,0,0,0,0,0,0,0,0,0,0,0,0,0,0,0,0,0,0,0,0,0,0,0,0,0,0,0,0,0,0,0,0,0,0,0,0,0,0,0,0,0,0,0,0,0,0,0,0,0,0,0,0,0,0,0,0,0,0,0,0,0,0,0,0,0,0,0,0,0,0,0,0,0,0,0,0,0,0,0,0
0,0,0,0,0,0,0,0,0,0,0,0,0,0,0,0,0,0,0,0,0,0,0,0,0,0,0,0,0,0,0,0,0,0,0,0,0,0,0,0,0,0,0,0,0,0,0,0,0,0,0,0,0,0,0,0,0,0,0,0,0,0,0,0,0,0,0,0,0,0,0,0,0,0,0,0,0,0,0,0,0,0,0,0,0,0
0,0,0,0,0,0,0,0,0,0,0,0,0,0,0,0,0,0,0,0,0,0,0,0,0,0,0,0,0,0,0,0,0,7.048,0,0,0,0,0,0,0,0,0,0,0,0,0,0,0,0,0,0,0,0,0,0,0,0,0,0,0,0,0,0,0,0,0,0,0,0,0,0,0,0,0,0,0,0,0,0,0,0,0,0,0,0
0,0,0,0,0,0,0,0,0,0,0,0,0,0,0,0,0,0,0,0,0,0,0,0,0,0,0,0,0,0,0,0,0,7.265,0,0,0,0,0,0,0,0,0,0,0,0,0,0,0,0,0,0,0,0,0,0,0,0,0,0,0,0,0,0,0,0,0,0,0,0,0,0,0,0,0,0,0,0,0,0,0,0,0,0,0,0
0,0,0,0,0,211.383,0,46.293,0,0,0,0,0,0,0,0,0,0,0,0,0,0,0,0,232.52,86.832,0,0,0,0,0,0,0,14.602,0,0,0,0,0,0,0,0,0,151.246,0,0,0,127.003,0,0,0,0,0,0,0,0,0,0,0,0,0,0,0,0,0,0,0,0,296.801,0,0,0,0,43.46,0,0,0,0,0,0,0,0,0,185.033,0,0
0,0,0,15.95,0,0,0,0,5.406,0,0,0,0,0,0,0,0,0,0,0,0,72.189,0.413,0,0,89.934,0,0,0,0,0,0,0,14.708,0,0,0,0,0,0,0,0,0,0,0,0,0,0,0,0,0,0,0,0,0,380.989,0,53.209,0,0,0,0,0,0,0,0,0,0,0,0,0,0,0,0,0,135.615,0,0,0,0,0,44.1,0,0,0,214.039
0,0,0,69.188,102.887,216.732,72.667,0,0,0,0,0,0,0,103.955,0,102.951,0,0,2.178,0,0,318.963,0,0,84.642,0,0,113.563,114.249,0,0,0,0,0,0,0,0,0,0,0,84.189,0,138.46,0,0,0,2.703,0,0,0,0,0,0,0,0,0,0,0,0,0,43.063,0,0,0,0,0,0,218.062,0,0,0,0,0,0,0,0,0,0,0,0,0,0,0,0,0
0,0,0,0,0,201.245,0,0,0,0,0,0,0,0,0,0,23.028,0,0,0,0,0,0,0,0,0,0,0,0,0,0,0,0,14.658,0,0,0,0,0,0,0,5.165,0,0,0,0,0,118.577,0,0,0,0,0,0,0,0,0,0,0,0,0,0,0,0,0,0,0,0,0,0,0,0,0,0,0,0,0,0,0,0,0,0,0,0,0,0
0,0,0,0,0,219.504,0,0,0,0,0,0,0,0,0,0,55.488,0,0,0,0,0,113.621,0,76.488,17.174,0,0,0,0,92.982,0,0,14.63,0,0,0,0,124.031,78.73,0,95.651,0,125.952,0,0,79.58,0,0,0,0,0,0,0,0,0,0,137.238,14.175,0,224.193,75.726,0,0,0,0,0,0,0,0,0,0,0,0,0,0,0,0,0,0,0,0,0,0,0,234.643
0,0,117.435,0,86.44,0,0,0,0,0,0,0,0,0,0,0,0,0,0,1.066,0,0,0,0,0,0,0,0,0,0,0,0,0,37.311,0,0,0,0,0,0,0,0,0,0,0,133.538,0,117.462,0,0,0,0,0,0,0,340.981,0,0,121.385,0,0,0,0,0,0,0,0,0,0,0,0,5.65,0,29.92,0,164.175,0,0,0,0,0,0,0,197.825,0,0
0,0,0,0,0,201.058,0,0,0,0,0,0,0,0,0,0,5.379,0,0,0,0,0,6.425,0,308.117,0,0,0,0,0,0,0,49.846,14.614,0,0,0,0,126.667,79.244,0,93.545,0,0,0,0,0,0,0,0,0,0,0,0,0,0,0,0,0,0,0,0,0,0,0,0,0,0,336.248,0,0,7.654,0,0,0,0,0,0,0,0,0,0,0,0,0,216.288
0,1.534,0,0,0,0,4.914,0,0,0,0,0,0,0,0,0,110.083,0,0,4.426,0,0,250.322,0,0,130.634,0,0,0,0,0,0,0,7.062,0,0,0,0,0,0,0,0,0,141.377,0,0,0,134.112,60.072,0,0,0,0,0,0,0,0,0,0,80.006,0,0,0,0,0,0,0,0,0,0,0,0,0,0,0,208.301,0,0,0,0,0,0,0,0,0,0
0,0,0,0,0,0,0,0,0,0,0,0,0,0,0,0,0,0,0,3.484,0,0,0,0,0,0,0,0,0,0,0,0,0,13.139,0,0,0,67.418,0,0,0,0,215.385,0,0,0,0,0,0,0,0,0,0,0,58.808,318.397,0,0,0,0,0,0,0,0,0,0,0,0,9.771,0,0,0,0,41.729,0,0,0,0,0,0,209.011,0,0,0,0,0
0,0,0,0,0,0,0,0,0,0,0,0,0,0,0,0,0,0,0,0,0,0,0,0,0,0,0,0,0,0,0,0,0,12.629,0,0,0,0,0,0,0,93.052,0,0,0,0,0,134.175,0,0,5.092,84.061,0,125.067,0,0,0,127.192,199.896,0,0,107.396,0,0,0,0,0,0,278.752,0,0,0,0,0,0,0,0,0,0,0,0,0,0,0,0,0
0,0,0,0,0,0,0,0,0,0,0,0,0,0,0,0,0,0,0,0,0,0,0,0,251.438,130.015,0,0,0,0,0,90.35,0,20.11,0,0,0,0,120.197,67.338,0,0,0,0,0,0,0,0,0,0,0,0,0,0,0,0,0,0,0,75.404,88.383,0,0,0,0,0,0,0,0,0,0,0,0,0,0,0,0,0,0,0,0,0,0,0,0,216.774
0,0,0,0,0,0,0,0,0,0,0,0,0,0,0,0,0,0,0,0,0,0,0.752,0,0,0,0,0,0,0,0,0,0,7.299,0,0,0,0,0,0,0,91.267,0,140.7,0,0,0,134.564,0,0,0,0,0,0,0,0,0,0,0,0,0,0,0,0,0,0,0,0,126.696,0,0,0,0,0,0,0,0,0,0,0,0,0,0,200.742,0,0
0,0,0,0,0,1.45,0,0,0,0,0.339,0,0,0,0,0,0,0,0,396.536,0,0,267.096,0,0,0,0,0,0,0,0,0,0,21.221,0,0,0,0,0,0,0,0,0,0,0,0,0,0,0,0,0,0,0,0,0,0,0,0,0,0,0,0,0,0,0,0,0,0,10.64,0,0,0,0,0,0,0,0,0,0,0,0,0,0,0,0,0
0,0,0,0,0,0,0,0,0,0,0,0,0,0,0,0,0,0,0,2.023,0,0,0,0,0,131.29,0,0,0,0,0,0,0,7.326,0,0,0,0,0,0,0,0,0,0,0,0,0,134.116,0,0,0,0,0,0,0,0,0,0,0,0,0,0,0,0,0,0,0,0,97.351,0,0,11.611,0,0,0,0,0,0,0,0,0,0,0,0,0,199.83
0,0,0,0,0,0,0,0,0,0,0,0,0,0,0,0,0,0,0,0,0,0,0,0,0,0,0,0,240.781,276.453,0,0,0,12.846,0,0,0,0,0,0,0,0.819,0,0,0,0,0,0,0,0,0,0,0,0,0,0,0,0,0,0,0,0,0,0,0,0,0,0,190.735,0,0,0,0,0,0,0,0,0,0,0,0,0,0,0,0,0
0,433.695,0,0,0,0,0,0,0,0,0,0,0,0,0,0,0,0,0,0,0,0,0,0,0,0,0,0,0,0,0,0,0,14.601,0,0,0,0,0,0,0,0,0,0,0,0,0,0,0,0,0,0,0,0,0,0,0,113.2,82.646,0,0,81.252,0,0,0,0,0,0,0,0,0,0,0,0,0,0,0,0,59.033,0,0,0,0,0,0,0
0,0,0,0,0,0,0,0,0,0,0,0,0,0,0,0,0,0,0,0,0,0,0,0,0,0,0,0,0,0,0,0,0,12.881,0,0,0,0,0,0,0,0,0,0,0,0,0,0,0,0,0,0,0,0,0,0,0,0,0,0,0,0,0,0,0,0,0,0,0,0,267.99,0,0,0,0,0,0,0,0,0,0,0,0,0,0,0
0,0,0,0,0,0,0,0,0,0,0,0,0,0,0,0,0,0.342,0,0,0,0,0,0,0,0,0,0,0,0,0,0,0,7.313,0,0,0,0,0,0,0,0,0,0,0,0,0,0,0,0,0,0,0,0,0,0,0,0,0,0,0,0,0,0,0,0,0,0,0,0,0,0,0,0,0,0,0,0,0,0,0,0,0,0,0,0
0,0,0,0,144.514,0,0,0,0,0,0.429,0,0,0,0,0,0,0,0,0,0,0,0.358,0,0,0,0,0,0,0,0,0,0,14.528,0,0,0,0,0,0,0,0,0,0,0,0,0,0,0,0,0,0,0,0,0,59.389,0,0,0,0,0,0,0,0,0,0,0,0,0,0,0,0,0,0,0,0,0,0,0,0,0,0,0,0,0,0
0,0,0,0,0,0,164.741,0,248.729,219.507,0,0,0,0,0,0,0,0,0,0,0,0,0,0,0,129.745,0,0,0,0,0,0,0,0,0,0,0,0,0,0,0,0,0,0,0,0,0,0,0,0,0,0,0,0,8.645,63.822,0,0,0,0,0,0,0,0,0,0,0,0,342.564,0,0,0,0,0,0,0,0,0,0,0,0,0,0,0,0,0
0,0,0,0,0,0,115.834,0,0,0,0,0,0,0,0,0,0,0,0,0,0,0,0,0,0,0,0,0,0,0,0,0,0,14.524,0,0,0,0,0,0,0,0,0,142.003,0,0,0,135.497,0,0,300.886,0,0,0,0,0,0,0,0,0,0,0,0,0,0,0,0,0,0,0,0,4.348,0,0,0,0,0,0,0,0,0,0,0,0,0,0
0,0,0,0,0,0,26.245,0,0,0,0,0,0,0,0,0,0,0,0,0,0,0,0,0,0,0,0,0,0,0,0,0,0,7.269,0,0,0,0,0,0,0,0,0,0,0,0,0,0,0,0,74.888,0,0,0,0,59.804,0,0,0,0,0,0,0,0,0,0,0,0,0,0,0,0,0,0,0,0,0,0,0,0,0,0,0,0,0,0
0,0,0,0,0,0,0,0,0,0,0,0,0,0,0,0,0,0,0,0,0,0,0,0,0,0,0,0,0,0,0,0,0,0,0,0,0,0,0,0,0,101.374,0,0,0,0,0,0,0,0,56.256,0,0,0,0,0,0,0,0,0,0,0,0,0,0,0,0,0,0,0,0,0,0,0,0,0,0,0,0,0,0,0,0,0,0,0
0,0,0,0,0,0,91.065,0,0,0,0,0,0,0,0,0,0,0,0,0,0,0,0,0,0,0,0,0,0,0,0,0,0,14.658,0,0,0,0,0,0,0,10.032,0,0,0,0,0,0,0,0,0,0,0,0,0,27.778,0,0,0,0,0,0,0,0,0,0,0,0,0,0,0,0,0,0,0,0,0,0,0,0,0,0,0,0,0,0
0,0,0,0,0,394.901,88.745,0,0,0,0,0,0,0,0,0,0,0,0,0,0,0,0,0,0,0,0,0,0,0,0,0,0,7.347,0,0,0,0,0,0,0,0,0,0,28.245,0,0,0,0,0,0,0,0,0,0,0,0,0,0,0,0,0,0,0,0,0,0,0,0,0,117.695,0,0,0,0,0,0,0,0,0,0,0,0,222.595,0,0
0,0,0,0,0,236.239,22.857,0,0,0,0,0,2.56,0,0,0,99.493,0,0,0,0,0,0,0,0,0,0,0,0,0,0,0,0,7.194,0,0,0,0,0,0,0,0,0,0,21.803,0,0,0,0,0,49.026,0,0,0,0,0,0,0,0,0,0,0,0,0,0,0,0,0,0,0,0,0,91.733,0,0,0,0,0,0,0,0,0,0,0,0,0
0,0,0,0,0,166.36,37.563,0,0,0,0,0,214.784,0,0,0,0,0,0,0,0,0,0,0,0,0,0,0,0,0,0,0,0,14.546,0,0,0,0,0,0,0,0,0,0,25.645,0,0,138.438,0,0,0,0,0,0,0,95.101,0,0,0,0,0,0,0,0,0,0,0,0,0,0,0,0,105.655,0,0,0,0,0,0,0,0,0,0,0,0,0
0,0,0,0,0,0,11.719,0,0,0,0,134.77,0,0,0,0,0,0,0,0,0,0,0,0,0,0,0,0,0,0,0,0,0,14.504,0,0,0,0,113.369,59.305,0,96.258,116.305,0,50.882,0,0,0,0,0,0,0,0,0,0,0,0,0,0,0,0,0,0,0,0,0,0,0,44.098,0,0,0,76.232,0,0,0,0,0,0,0,0,0,0,0,0,0
0,0,0,0,0,216.755,0,0,0,0,62.525,0,0,0,0,0,76.149,0,0,0,0,0,0.286,0,0,0,0,0,0,0,0,0,0,20.455,0,0,0,0,0,0,0,0,0,0,0,147.551,0,145.656,0,0,76.697,0,0,0,0,60.204,0,0,0,0,0,0,0,0,0,0,0,0,0,0,0,0,23.474,0,0,0,0,0,0,0,0,0,0,0.535,0,0
0,0,0,0,0,0,0,0,41.799,0,0,0,0,0,0,0,0.195,0,0,0,0,0,0,0,0,0,0,0,0,0,0,0,0,21.333,0,0,0,0,0,0,0,84.502,0,0,0,0,0,0,0,0,0,0,0,0,0,71.36,0,0,0,0,0,0,0,0,0,0,0,0,391.899,0,0,0,19.123,0,0,0,0,0,0,0,0,0,0,0,0,6.747
0,0,0,0,0,0,0,0,112.934,44.695,101.929,24.762,1.241,0,0,0,0,0,0,0,0,0,0,0,0,0,0,0,0,0,0,0,0,14.466,0,0,0,0,0,0,0,0,0,0,0,0,81.277,144.604,443.541,0,0,0,0,0,0,35.398,0,0,0,0,0,0,0,0,0,0,0,0,0,0,0,0,36.433,0,0,0,0,0,0,0,0,0,0,0,0,0
0,0,0,0,0,0,0,0,0,104.519,123.487,132.284,105.719,0,0,0,0,0,0,192.789,0,0,0,0,0,0,0,0,0,0,0,0,0,21.775,0,0,0,0,0,0,0,0,0,0,72.202,0,0,0,50.679,0,0,0,0,0,0,0,0,0,0,0,0,0,0,0,0,0,0,0,0,0,0,0,43.752,0,0,0,0,0,0,0,0,0,0,0,0,0
0,0,0,0,0,0,0,0,0,0,23.055,42.243,0,0,0,0,0,0,0,0,0,0,0,0,0,0,0,0,0,0,409.574,0,0,21.803,0,0,0,0,0,0,0,98.14,0,0,31.911,151.061,0,144.463,115.068,0,0,0,0,0,0,59.534,0,0,0,125.037,0,0,0,0,0,0,0,0,0,0,0,0,37.642,0,0,0,0,0,0,0,145.745,0,0,0,0,0
0,0,0,0,0,497.59,0,138.599,118.268,0,15.206,25.638,0,0,0,0,0,0,0,0,3.212,0,0,0,0,0,0,0,0,0,0,0,57.901,21.738,0,0,0,0,0,0,0,0,124.665,0,41.796,99.218,0,0,112.107,0,0,0,0,0,0,1.623,0,53.273,131.425,0,0,96.238,0,0,0,0,0,0,286.122,0,0,23.494,38,0,0,0,0,0,0,0,0,0,0,0,0,0
0,0,0,377.422,0,0,0,0,0,0,13.587,17.204,0,0,0,0,44.718,0,0,0,44.421,0,0,0,494.863,0,0,0,0,0,191.178,0,0,29.657,0,0,0,0,0,0,0,0,0,0,57.721,0,0,143.344,77.638,0,79.366,0,0,0,0,138.322,122.273,181.34,201.078,49.83,0,130.296,0,0,0,0,0,0,0,0,0,0,36.697,0,0,198.927,0,101.113,0,0,0,0,0,0,0,0
0,3.843,0,0,0,0,0,0,0,0,0,4.67,0,0,0,0,48.467,0,0,0,55.962,0,0,0,0,0,0,0,270.151,277.587,0,0,0,14.548,0,0,150.054,0,0,0,0,92.714,0,0,0,0,0,0,137.505,135.285,51.901,62.781,65.735,132.203,0,0,24.282,81.319,0,0,0,0,0,0,0,0,0,0,238.404,0,0,0,75.055,275.5,0,0,0,0,0,0,79.95,0,0,0,0,0
0,491.814,0,0,0,0,7.403,0,131.953,0,0,0,125.852,0,0,0,68.044,0,0,0,0,0,0,0,0,0,0,0,60.722,25.55,0,0,0,25.596,0,0,0,0,0,0,0,0,0,0,56.857,0,0,142.12,82.471,281.22,0,33.188,0,0,0,0,13.493,15.984,0,0,0,11.884,0,0,0,0,0,0,0,0,0,213.135,37.939,0,0,0,0,0,0,0,0,0,0,0,0,0
0,0,0,0,0,0,0,0,11.075,8.106,0,0,0,0,0,0,0,0,0,0,0,0,0,0,0,0,0,0,59.869,76.023,0,0,0,34.63,0,0,0,0,68.159,52.156,0,0,0,0,0,0,0,0,164.058,0,0,0,0,0,0,150.767,31.145,0,0,64.029,0,0,0,0,0,0,118.458,0,0,0,0,16.599,74.462,0,0,0,0,0,0,0,0,0,0,0,0,0
0,0,0,0,0,0,0,0,42.358,133.423,0,108.743,0,0,147.546,0,0,0,0,0,0,0,0,0,0,0,0,0,0,0,0,0,0,27.902,0,0,0,0,0,0,115.887,0,0,0,60.302,0,0,142.231,122.89,0,0,0,0,0,0,109.978,38.198,2.353,0,0,0,0,0,135.643,127.173,173.842,35.999,0,287.908,194.439,0,0,45.989,0,0,0,0,0,0,0,0,0,0,0,0,0
0,0,0,0,0,0,0,0,52.579,0,147.079,0,0,0,173.039,329.588,0,0,0,0,0,0,8.444,0,0,0,0,0,0,0,0,0,0,20.476,0,0,0,0,0,0,0,96.522,0,0,0,0,0,0,144.317,261.504,138.998,0,0,0,0,63.879,0,0,0,73.093,0,0,732.251,269.873,0,0,590.933,0,0,0,0,0,37.644,0,0,0,0,0,0,0.15,0,0,0,0,0,0
0,0,0,0,0,0,0,0,64.783,0,0.745,0,54.387,0,341.981,126.79,0,0,246.16,0,39.264,0,0,0,0,129.915,220.119,0,55.883,65.913,0,0,0,21.894,0,0,0,0,95.876,51.129,0,0,0,132.885,0,152.127,0,140.707,121.769,0,24.74,0,0,0,0,111.098,0,66.316,55.119,0,0,7.625,0,0,0,0,291.694,0,0,0,0,0,46.02,0,0,0,0,0,0,0,0,0.321,0,0,0,0
0,0,0,0,0,0,0,0,0.195,23.876,13.817,159.056,49.028,0,56.683,126.065,0,0,37.601,5.434,10.364,0,0,0,0,0,0,0,67.995,71.734,0,0,0,23.074,48.618,0,0,0,0,0,0,0,0,0,0,0,0,0,81.015,243.122,0,0,0,0,0,0,0,91.991,0,0,0,52.808,0,0,0,0,23.619,0,0,0,0,0,83.486,0,0,0,0,0,0,0,0,306.061,206.608,0,0,0
0,0,0,0,0,0,0,0,0,142.727,0,65.986,0,0,84.251,47.1,0,0,10.172,4.744,0,0,0,0,0,0,0,0,52.572,55.541,0,0,0,34.129,0,110.826,0,0,112.964,77.412,0,0,0,0,0,0,8.74,0,82.341,0,0,0,0,0,0,0,41.204,0,0,36.854,0,0,0,0,0,0,0,19.678,289.512,189.35,0,4.35,22.606,216.821,0,0,0,0,0,257.593,0,0,0,0,0,0
0,0,0,0,0,0,0,0,0,28.047,0,0,0,0,93.294,31.476,0,0,0,0,7.198,0,0,0,0,0,0,0,0,5.709,0,0,0,14.546,0,78.051,0,0,0,0,0,0,0,0,0,0,0,0,0,0,0,0,0,0,0,0,33.278,0,0,0,0,0,0,0,0,0,0,0,0,0,0,0,6.279,0,0,0,0,0,0,0,0,0,0,0,0,0
0,0,0,0,0,0,0,0,0,0,0,55.616,0,0,0,87.478,0,0,0,0,52.312,0,0,125.682,0,0,0,0,54.744,52.431,0,0,0,13.962,0,0,0,0,0,0,0,0,0,0,0,0,0,0,0,0,0,0,0,0,0,0,0,51.725,0,0,0,29.222,0,0,0,0,0,0,0,0,134.684,0,78.218,0,0,0,0,0,0,0,0,0,0,0,0,0
0,0,0,105.621,0,0,0,0,68.456,0,0,0,0,0,32.048,0,33.887,0,0,0,46.422,0,0,38.032,0,0,0,0,42.918,40.827,0,0,0,14.27,0,0,0,0,0,0,0,0,0,0,0,0,0,0,130.974,0,0,0,0,0,0,0,0,12.181,0,0,0,7.805,0,0,0,0,0,0,0,0,0,0,0,0,0,0,0,0,0,0,0,0,0,0,0,0
0,0,0,0,0,0,0,0,0,0,0,0,0,0,0,0,0,0,13.89,0,0,0,0,80.797,0,0,0,0,48.286,52.489,0,0,0,14.164,0,76.087,0,0,0,0,0,0,0,0,0,0,0,0,85.098,0,0,0,0,0,47.477,0,52.077,10.402,28.828,0,0,4.325,0,0,0,0,0,0,0,0,0,0,40.932,0,0,0,0,0,0,0,0,0,0,0,0,0
0,0,0,0,0,0,0,0,0,0,0.947,0,0,0,0,11.605,0,0,0,0,0,0,0,0,0,0,0,0,0,0,0,0,0,13.962,0,0,0,0,0,0,0,0,0,0,0,0,0,0,83.858,0,0,0,0,0,0,0,0,0,0,0,0,0,0,0,0,0,0,0,0,0,0,0,0,0,0,0,0,0,0,0,0,201.777,0,0,0,382.564
0,0,0,0,0,0,0,0,0,0,0.834,0,0,0,15.613,45.435,0,0,0,0,23.613,0,0,177.84,0,0,0,0,51.202,48.8,0,0,0,20.852,0,97.301,0,0,0,0,0,0,0,0,0,0,0,0,0,0,0,0,0,0,0,0,0,0,0,0,0,0,0,0,0,0,0,0,0,0,0,0,0,0,0,0,0,0,0,0,0,282.098,0,0,0,319.243
0,0,0,0,0,0,0,0,118.033,0,0.309,0,0,0,51.818,125.49,0,0,6.722,0,58.157,0,0,111.514,0,0,0,0,47.676,51.5,0,0,0,14.324,0,0,0,0,0,0,0,0,0,0,0,0,0,0,0,288.78,0,0,0,0,0,0,56.565,0,0,68.2,0,0,0,0,0,0,0,0,0,0,0,0.748,45.988,0,0,0,0,0,0,0,0,183.817,0,0,0,0
0,0,0,0,0,0,0,0,37.692,0,0,109.773,0,0,0,0,0,0,69.407,0,2.448,0,0,156.96,0,0,0,0,0,0,0,0,0,21.726,0,0,0,0,75.33,49.44,0,0,74.011,0,0,0,0,0,110.417,0,0,0,4.504,0,0,0,0,0,1.337,0,0,0,0,0,0,0,0,0,0,0,0,0,44.354,0,0,0,0,0,0,0,0,91.316,0,0,0,0
0,0,42.537,0,0,0,0,0,65.137,63.772,0.261,21.224,0,0,56.423,32.76,0,0,0,0,16.753,0,0,157.613,0,0,0,0,55.838,67.972,0,0,0,21.332,0,0,128.449,0,0,0,0,0,232.073,0,0,0,0,0,88.768,0,0,0,0,0,0,114.68,43.252,7.949,0,0,0,0,0,0,0,0,0,3.454,0,0,0,0,43.714,0,0,0,0,0,0,0,0,22.917,0,0,0,0
0,0,0,0,0,0,0.296,0,0,28.726,0,32.982,161.326,0,0,0,0,0,0,3.218,28.188,0,0,0,0,0,0,0,0,0,0,0,0,27.903,48.308,0,155.871,0,0,0,0,0,0,0,0,0,102.114,0,116.455,0,0,0,0,69.637,0,255.268,47.629,0,0,0,0,0,0,0,0,0,0,0,0,0,0,0,0,0,0,0,0,0,0,0,0,104.145,0,0,0,0
0,0,0,0,0,231.17,0,0,0,7.847,0.617,0,0,0,41.695,87.512,95.114,0,0,288.035,0,0,0,177.083,0,0,0,0,61.311,67.568,0,102.621,131.207,21.742,0,0,0,0,54.047,38.818,0,0,0,0,92.732,164.042,0,0,114.975,0,0,77.526,0,0,0,0,0,0,0,0,0,0,0,0,0,0,0,0,0,0,0,0,59.289,0,0,0,0,0,0,0,0,64.404,0,0,0,0
0,0,0,0,116.243,0,0,0,0,0,0,49.994,19.097,0,61.127,37.557,0,0,0,125.937,0,0,0,0,0,0,125.012,0,0,0,0,12.373,9.734,26.51,0,96.759,0,0,0,0,0,0,0,0,0,0,0,0,0,215.16,0,0,54.567,0,0,233.954,0,0,0,68.17,0,0,0,0,0,0,0,0,0,0,0,0,40.746,0,265.474,255.772,0,0,0,0,0,0,107.182,179.008,0,0
0,0,0,0,0,0,0,0,0,0,0,0,0,0,0,22.023,0,0,0,0,0,0,0.512,0,0,0,0,0,66.453,73.672,0,0,0,26.657,0,0,0,0,0,0,0,0,303.398,0,0,0,0,0,0,0,0,0,0,0,0,0,0,0,0,0,0,0,0,0,0,0,0,0,0,0,0,0,0,0,0,0,0,0,0,0,0,105.576,0,0,0,0
0,0,0,0,0,0,0,0,0,0,0,0,0,0,0,0.729,0,0,0,0,0,0,0,125.497,0,0,0,0,0,0,0,10.818,15.098,7.162,0,0,0,0,0,0,0,0,0,0,0,0,0,0,130.446,207.163,0,0,0,0,0,0,0,122.195,113.051,0,0,25.693,0,0,0,0,0,0,0,0,0,0,0,0,0,0,0,0,0,0,0,68.224,0,0,0,0
0,0,0,0,0,0,0,0,0,0,0,0,0,0,0,39.691,0,250.364,0,0,0,0,0,0,0,0,0,0,0,0,0,0,0,14.112,0,0,0,0,0,0,0,0,0,0,0,0,0,0,0,0,0,0,0,0,0,0,0,0,0,0,0,0,0,0,0,0,0,0,0,0,0,0,0,0,0,0,0,0,0,0,0,70.134,0,0,0,0
0,0,0,0,0,0,0,0,0,0,0,0,0,0,0,27.277,0,0,0,0,55.412,63.058,0,202.522,0,0,0,0,0,0,0,0,0,14.332,0,0,0,0,0,0,0,0,0,0,0,0,0,0,123.91,0,0,0,3.898,0,0,0,0,0,0,0,0,0,0,0,0,0,0,0,0,0,0,0,0,0,0,0,0,0,0,0,0,95.109,0,0,0,0
44.787,0,0,0,0,0,0,0,0,0,0,0,0,0,0,0,0,0,0,0,12.736,0,0,39.478,0,0,0,0,64.717,68.605,0,10.101,21.196,14.541,0,0,0,0,0,0,0,0,0,0,0,0,0,0,0,0,0,59.735,0,0,0,0,0,0,0,0,0,21.917,0,0,0,0,0,0,0,0,0,0,0,0,0,0,0,0,0,0,0,76.763,0,0,0,0
0,0,0,0,0,0,0,0,0,0,0,0,0,0,0,0,0,0,0,0,0,0,0,0,0,0,0,0,49.66,0,0,0,0,7.008,0,0,0,0,0,0,0,0,0,0,0,0,0,0,0,0,0,0,0,4.9,0,0,0,0,0,0,0,0,0,0,0,0,0,0,0,0,0,0,0,0,0,0,0,0,0,0,0,42.812,0,0,0,0
0,0,0,0,0,0,0,0,0,0,0.815,0,0,0,15.232,0,0,0,0,0,0,0,0,29.596,0,0,0,0,0,0,0,0,0,13.762,0,0,0,0,0,0,0,0,0,0,0,0,0,0,0,0,0,0,0,0,0,0,0,0,0,0,0,0,0,0,0,0,0,0,0,265.576,0,0,0,0,0,0,0,0,0,0,0,50.374,0,0,0,0
0,0,0,0,0,0,0,0,0,0,0,0,0,0,0,0,0,0,0,0.514,0,0,0,0,0,0,0,0,0,0,0,0,0,13.807,0,0,0,0,0,0,0,0,0,0,0,0,0,0,0,0,0,0,0,0,0,0,0,0,0,0,0,0,0,0,0,0,0,0,396.714,95.727,0,0,0,0,0,0,0,0,0,0,0,40.67,0,0,0,0
0,0,0,0,0,0,0,0,0,0,0,82.861,0,0,15.274,0,0,0,0,10.84,0,0,0,0,0,0,0,0,75.092,78.807,0,0,12.288,13.827,0,0,0,0,0,0,0,0,0,0,0,0,0,0,126.08,0,0,0,0,0,111.898,0,0,0,0,0,0,0,0,0,0,0,0,0,0,0,0,0,0,90.868,0,0,0,0,0,0,0,80.757,0,0,0,0
0,0,0,0,0,0,0,0,0,0,0,0,0,0,0,129.992,0,0,0,0,0,0,0,0,0,0,0,0,0,0,0,14.824,0,14.504,0,0,0,0,0,0,0,0,0,0,0,0,0,0,0,0,0,0,0,0,0,0,0,0,45.595,0,0,0,0,0,0,0,0,1.381,0,0,0,0,0,0,0,0,0,0,0,0,0,40.268,0,0,0,0
0,0,0,0,0,0,0,0,0,0,0,0,0,0,118.169,106.872,0,0,0,0,0,0,0,0,0,0,0,0,0,0,0,16.316,33.092,13.698,0,0,0,0,0,0,0,0,0,0,0,0,0,0,0,0,0,0,0,0,0,0,0,0,0,0,0,0,0,0,0,0,7.966,2.088,0,0,0,0,0,0,0,0,0,0,0,0,0,73.206,0,0,0,0
0,0,0,0,0,0,0,0,0,0,0,0,0,0,20.357,41.647,0,0,24.864,0,0,0,0,0,0,0,67.298,0,81.529,71.246,0,12.877,19.819,13.273,0,0,0,0,65.437,40.037,0,0,378.8,0,100.926,0,0,0,124.613,0,0,0,0,0,0,0,0,0,0,0,0,0,0,0,0,0,0,0,171.868,83.116,0,0,51.945,0,0,0,0,0,0,0,0,71.394,0,0,0,0
0,0,90.971,0,0,0,0,0,0,0,0,0,0,0,0,41.181,0,0,26.955,0,17.734,0,0,0,0,0,0,0,74.307,0,0,0,20.695,19.464,0,0,0,0,0,0,0,0,0,0,0,0,0,0,0,0,0,0,0,0,0,0,0,0,0,0,0,0,0,0,0,0,0,0,149.567,60.014,0,0,0,0,0,0,0,0,0,0,0,111.469,0,0,0,0
0,0,0,0,0,0,0,0,0,0,0,0,0,0,0,0,0,0,0,0,0,0,0,0,0,0,0,0,0,0,0,11.83,12.396,14.191,0,0,0,0,84.851,0,0,0,0,0,55.019,173.412,0,0,136.461,0,0,0,104.294,0,0,0,0,0,0,0,0,6.018,0,0,0,0,17.847,0,127.845,76.805,0,0,0,0,0,0,0,0,0,0,0,0,0,0,0,0
0,0,0,0,0,0,0,0,0,0,0,0,0,0,0,0,0,0,0,7.59,0,0,0,0,0,0,0,0,57.384,56.288,0,10.883,0,14.41,0,0,0,0,86.914,38.549,0,0,0,0,53.438,0,0,740.218,0,0,0,76.401,0,1.054,0,0,0,0,0,0,0,6.422,0,0,0,0,0,0,96.761,50.602,0,0,0,0,0,0,0,0,0,0,0,89.114,0,0,0,148.865
0,0,0,0,0,0,0,0,0,0,0,0,0,0,0,0,0,0,0,0,0,0,0,0,312.339,139.806,0,0,0,0,0,0,8.836,14.338,0,0,0,0,0,0,0,0,0,0,0,0,0,0,122.346,121.186,0,0,4.921,0,0,0,55.871,0,0,0,0,73.343,0,0,0,0,0,0,173.921,55.436,0,0,52.076,0,224.338,0,0,0,0,0,0,75.744,0,0,0,0
0,0,0,0,0,0,0,0,151.492,0,0,0,0,0,0,0,0,0,0,0,0,0,0,169.759,0,0,0,0,83.05,102.551,0,13.404,23.04,14.54,0,0,0,0,85.065,37.983,0,0,171.442,0,28.646,0,0,0,0,0,0,0,0,0,0,0,0,0,0,0,0,0,0,0,0,0,0,0,112.058,73.633,0,0,0,0,0,0,0,0,0,0,0,52.98,0,0,0,0
0,0,0,0,0,0,0,0,0,0,0,0,0,0,0,0,0,0,0,0,0,0,0,0,0,0,0,0,49.706,46.404,0,9.847,21.547,19.984,0,0,0,0,0,0,0,0,434.245,0,0,0,0,0,122.843,0,0,0,0,0,0,0,0,0,0,0,0,0,0,0,0,0,0,0,136.836,80.553,151.079,0,71.476,0,0,0,0,0,0,0,55.533,60.438,0,0,0,0
0,0,138.763,0,0,0,0,54.293,0,0,0,0,0,0,159.088,153.345,0,0,0,0,0,0,0,0,0,0,0,0,0,0,0,12.376,38.894,28.205,0,0,0,1.664,0,0,0,0,141.758,0,55.721,160.332,0,0,0,0,0,0,0,0,0,0,0,0,0,87.445,0,0,0,0,0,0,0,0,137.685,46.512,0,0,0,0,0,0,0,0,0,0,0,58.147,0,0,0,0
0,0,0,0,0,164.77,0,0,0,0,2.111,0,153.068,0,0,0,100.769,0.957,0,0,0,0,0,0,0,0,0,0,72.339,68.494,0,0,0,14.655,0,0,0,188.508,0,0,0,0,0,0,0,550.199,0,0,0,0,0,0,0,0,0,0,0,0,0,0,0,0,0,0,0,0,0,0,59.01,22.99,0,10.045,0,0,0,0,0,0,0,261.101,0,71.588,200.953,209.564,0,0
0,0,0,0,0,170.99,86.307,0,0,0,0,0,0,0,96.13,0,0,0,0,0,0,0,0,0,0,0,118.871,0,71.65,0,0,19.252,9.842,14.478,0,53.038,188.3,0,0,0,0,0,0,0,27.529,0,0,0,122.132,98.739,0,89.508,0,4.486,16.119,0,0,131.821,0,0,0,70.75,0,0,0,0,0,0,109.439,56.543,0,0,0,0,166.455,0,0,0,0,0,0,0,0,0,0,194.431
0,0,0,0,129.838,0,0,0,0,203.794,0.344,0,0,0,0,37.122,0,0,65.058,314.608,0,0,0,0,0,0,0,0,66.806,73.204,0,0,8.82,13.814,0,0,0,0,0,0,0,0,0,0,0,0,0,0,117.717,0,0,0,0,0,22.855,0,71.323,0,0,0,0,0,0,0,0,0,0,0,105.095,86.769,0,0,58.836,0,0,253.518,0,0,0,0,0,91.61,0,0,0,0
0,0,0,0,0,0,0,0,183.725,0,0,113.988,0,0,0,0,0,0,0,0,0,0,0,0,0,0,0,0,0,0,0,18.993,21.715,21.523,0,0,0,0,0,0,0,0,0,0,72.343,0,0,0,0,0,0,0,0,0,0,0,0,0,0,45.133,0,0,0,0,0,0,0,0,0,0,0,0,0,0,0,0,0,0,0,0,0,0,0,0,0,0
0,0,0,0,0,0,0,0,0,0,0,0,0,0,0,0,0,0,44.909,0,0,0,0,298.428,0,0,0,0,0,0,0,0,23.686,13.685,0,0,0,0,0,0,0,0,0,0,0,0,0,0,0,0,0,0,0,0,0,0,0,0,0,0,0,0,0,0,0,0,0,0,128.244,69.174,0,0,0,0,0,0,0,0,0,0,0,119.328,0,0,0,0
0,0,0,0,0,0,0,0,0,0,0,0,0,0,0,0,0,0,0,0,0,0,0,0,0,0,0,0,0,0,0,8.434,14.386,14.178,0,0,0,0,0,0,0,0,0,0,0,0,132.079,0,0,0,0,0,0,0,0,0,0,85.094,0,0,0,0,0,0,0,0,0,0,0,0,0,3.29,0,0,0,0,0,0,0,0,0,0,0,0,0,0
0,0,0,0,0,0,0,0,0,0,0,0,0,0,78.583,38.13,0,0,0,0,0,0,0,0,0,0,0,0,0,0,0,0,0,7.241,0,0,0,0,0,0,0,0,413.189,0,0,0,0,0,0,0,0,65.294,0,0,0,0,0,0,71.097,0,0,12.414,0,0,0,0,0,0,98.173,57.018,0,0,63.988,130.072,0,147.81,0,0,0,0,0,64.582,0,0,0,0
0,0,0,0,0,0,0,0,0,0,0,0,0,0,0,0,0,0,0,0,0,0,0,0,0,0,0,0,0,0,0,0,0,7.286,0,0,0,0,0,0,0,0,0,0,0,0,0,0,0,0,0,0,0,0,0,0,0,0,0,0,0,0,0,0,0,0,0,0,0,0,0,0,0,0,0,0,0,0,0,0,0,0,0,0,0,0
0,0,0,0,0,0,0,0,0,0,0,0,0,0,0,0,0,0,0,0,0,0,0,0,0,0,0,0,0,0,0,0,0,7.298,0,0,0,0,0,0,0,0,0,0,0,0,0,0,127.166,0,0,0,0,0,0,0,0,0,0,0,0,0,0,0,0,0,0,0,0,0,0,0,0,0,0,0,0,0,0,0,0,0,0,0,0,0
0,0,0,0,0,0,0,0,0,0,0,0,0,0,0,0,0,0,0,0,0,0,0,0,0,0,0,0,0,0,0,0,0,0,0,0,0,0,0,0,0,0,0,0,0,0,0,0,0,0,0,0,0,0,0,0,0,0,0,0,0,0,0,0,0,0,0,0,0,0,0,0,0,0,0,0,0,0,0,0,0,0,0,0,0,0
0,0,0,0,0,0,0,0,0,0,0,0,0,0,0,0,0,0,0,0,0,0,0,0,0,0,0,0,0,0,0,0,0,6.263,0,0,0,0,0,0,0,0,0,0,0,0,0,0,0,0,0,0,37.751,0,0,0,0,0,0,0,0,0,0,0,0,0,0,0,0,0,0,0,0,0,0,0,0,0,0,0,0,74.409,0,0,0,0
0,0,0,0,0,0,0,0,0,0,2.044,0,0,0,0,0,0,0,0,0,0,0,0,0,0,0,0,0,0,0,0,0,0,7.285,0,0,0,0,0,0,0,0,0,0,0,0,0,0,0,0,0,0,0,0,0,0,0,0,0,0,0,0,0,0,0,0,0,16.535,0,0,0,0,0,0,0,0,0,0,0,0,0,0,0,0,0,0
0,0,0,0,0,0,0,0,0,0,0,0,0,0,0,0,0,0,0,0,0,0,0,97.222,0,0,0,0,0,0,0,0,17.122,7.287,0,0,0,0,0,0,0,0,0,0,0,0,0,0,0,0,0,0,0,0,0,0,0,0,0,0,0,0,0,0,0,0,0,0,0,0,0,0,0,0,0,0,0,0,0,0,0,151.589,0,0,0,235.859
0,0,0,0,0,0,0,0,0,0,0,0,0,0,0,0,0,0,0,0,0,0,0,25.755,0,0,0,0,0,0,0,9.348,8.173,6.745,0,0,0,0,0,0,0,0,0,0,0,0,0,0,122.724,0,0,0,0,0,0,0,0,0,0,0,0,0,0,0,0,0,0,0.94,0,0,0,0,65.084,0,0,0,0,0,0,0,0,0,0,0,0,0
0,0,0,0,0,0,0,0,0,0,0,0,0,0,0,0,0,0,0,0,0,0,0,0,0,0,0,0,82.535,82.853,0,30.576,23.111,14.587,0,0,0,0,0,0,0,0,0,0,0,0,0,0,123.228,0,0,0,0,0,122.426,0,0,0,0,0,0,0,0,0,0,0,0,0,0,0,0,0,0,0,0,0,0,0,0,0,0,98.972,0,0,0,155.13
0,0,0,0,0,0,0,0,0,0,0,0,0,0,0,0,0,0,0,0,0,0,0,0,0,0,0,0,56.158,54.59,0,0,16.289,0,0,0,0,0,0,0,0,0,0,0,0,0,0,0,0,0,0,0,0,0,17.266,0,0,0,0,0,0,0,0,0,0,0,0,0,0,0,0,0,30.223,0,0,0,0,0,0,0,0,0,0,0,0,0
0,0,0,0,0,0,0,0,0,0,0,0,0,0,0,0,0,0,0,0,0,0,0,0,0,0,0,0,0,0,0,0,0,0,0,0,0,0,0,0,0,0,0,0,0,0,0,0,0,0,0,0,0,0,0,0,0,0,0,0,0,0,0,0,0,0,0,0,0,0,0,0,73.107,0,0,0,0,0,0,0,0,0,0,0,0,0
0,0,0,0,0,0,0,0,0,0,0.935,0,0,0,0,0,0,0,0,0,0,0,0,0,0,0,0,0,62.353,56.409,0,0,15.876,7.28,0,0,0,0,0,0,0,0,0,0,0,0,0,0,123.714,0,0,0,0,0,0,0,0,0,0,0,0,0,0,0,0,0,0,0,0,0,0,0,0,0,0,0,0,0,0,0,0,90.236,0,0,0,0
0,0,0,0,0,0,0,0,0,0,0,0,0,0,0,0,0,0,0,0,0,0,0,0,0,0,0,0,0,0,0,0,0,7.258,0,0,0,0,0,0,0,0,0,0,0,0,0,0,0,0,0,0,117.713,0,37.096,0,0,4.879,0,0,0,0,0,0,0,0,0,16.836,0,0,0,0,0,0,0,0,0,0,0,0,0,109.35,0,0,0,0
0,0,0,0,0,0,102.475,0,0,0,1.094,0,0,0,0,0,0,6.055,0,0,0,0,0,261.203,0,0,0,0,0,0,0,0,0,7.263,0,0,0,0,0,0,0,0,0,0,0,0,0,0,124.043,0,0,0,0,0,115.094,0,0,0,0,0,0,0,0,0,0,0,0,0,0,0,0,0,51.062,0,0,0,0,0,0,0,0,0,0,0,0,0
0,0,0,0,0,200.655,0,0,130.562,0,0,0,0,0,0,0,0,0,0,0,0,0,0,0,0,0,163.346,0,74.377,76.324,0,41.725,31.216,13.113,0,140.291,0,0,0,0,0,0,0,0,0,0,115.731,0,0,0,0,0,0,0,217.832,0,0,0,0,0,0,0,0,0,0,0,0,0,0,0,0,0,0,0,0,0,0,0,0,0,0,0,0,0,0,300.979
0,0,0,0,0,56.345,0,0,0,0,0,0,0,0,0,0,0,0,84.203,0,46.892,98.418,0,0,0,0,0,0,0,0,0,0,0,13.279,0,32.276,0,0,0,0,0,0,494.61,0,0,0,0,0,122.514,0,0,0,0,0,0,0,0,0,0,91.506,0,0,0,0,0,0,0,0,237.39,156.586,0,0,0,0,0,0,0,0,0,0,0,122.232,0,0,0,0
334.635,0,0,0,0,0,0,0,0,0,0,0,0,0,89.779,69.767,0,0,0,0,0,0,0,0,0,0,156.467,0,0,0,0,0,13.456,12.298,0,0,0,0,0,0,0,127.141,0,171.184,0,0,0,0,120.244,0,0,0,0,0,0,0,0,0,0,0,0,0,0,0,0,0,45.226,0,0,0,0,0,58.896,0,0,0,0,0,0,0,0,102.007,0,0,0,211.258
0,0,38.387,0,0,0,0,0,0,0,0,0,0,0,75.678,176.76,84.495,11.632,42.694,0,0,0,0,0,0,0,0,0,0,0,0,27.057,30.956,0,36.33,0,0,0,0,0,296.37,0,0,179.431,0,327.391,0,0,0,0,0,0,0,0,0,0,67.52,120.559,214.539,0,0,115.911,0,0,0,0,68.053,0,222.875,116.299,0,7.267,0,0,0,0,0,0,0,0,0,104.838,189.516,0,0,0
0,0,0,93.366,65.852,0,99.273,116.964,0,0,1.172,0,136.158,0,96.361,0,0,0,46.128,0,0,0,0,0,0,0,0,0,100.339,123.872,0,0,0,6.567,0,0,0,0,0,0,0,0,0,0,0,0,0,0,134.224,0,0,0,0,0,0,0,0,0,0,0,0,0,0,0,0,0,0,0,0,0,0,14.382,53.395,73.777,0,0,0,0,0,0,145.982,0,0,226.752,0,0
0,0,36.747,0,0,0,0,0,0,0,0,0,0,0,0,0,0,320.51,0,56.094,0,0,0,0,0,0,0,0,0,0,0,0,0,13.945,0,48.936,0,202.046,0,0,0,0,0,0,0,168.304,0,0,0,201.168,0,0,0,0,0,0,0,0,0,0,0,0,0,0,0,0,0,0,0,0,0,0,34.403,0,0,0,225.493,0,0,201.743,0,103.396,0,0,0,0
0,0,0,0,0,0,0,0,0,216.682,165.25,176.17,0,0,0,0,0,0,0,1.757,0,111.9,0,144.004,0,0,0,0,0,0,0,22.737,14.915,5.666,0,0,0,0,81.743,39.246,0,0,0,0,0,0,0,0,0,0,0,0,0,0,0,0,66.348,0,0,0,0,0,0,0,0,0,0,0,113.297,0,0,173.234,0,0,0,7.419,0,0,0,0,0,62.696,0,0,0,0
0,0,0,0,0,0,0,0,225.814,0,36.423,0,110.22,0,68.589,101.441,0,0,0,0,0,0,0,0,0,0,0,0,0,0,0,0,25.464,6.612,0,0,0,0,0,0,0,0,0,0,327.627,0,105.427,0,137.308,0,0,0,0,0,0,0,55.867,0,0,0,0,0,0,0,0,0,0,0,133.058,99.588,0,0,66.734,0,0,293.714,0,0,0,0,0,156.796,0,0,0,0
0,0,0,0,0,0,0,0,0,0,0,80.858,0,0,0,0,0,0,0,0,0,0,0,0,0,0,0,0,84.324,84.609,0,0,4.414,7.367,0,0,0,0,0,0,0,0,0,0,47.366,0,0,0,105.399,0,0,31.389,0,0,19.206,0,0,0,0,0,0,0,0,0,0,0,0,0,0,0,0,0,0,0,0,0,0,0,0,0,0,0,0,0,0,0
0,0,0,0,0,0,0,0,0,0,0,0,0,0,0,0,0,0,0,0,0,0,0,0,0,0,0,0,0,0,0,0,0,0,0,0,0,0,0,0,0,0,0,0,0,0,0,0,0,0,0,0,0,0,0,0,0,0,4.827,0,0,0,0,0,0,0,0,0,0,0,0,0,0,0,0,0,0,0,0,0,0,0,0,0,0,0
0,0,61.639,0,0,0,0,0,0,0,0,0,0,0,0,0,0,0,0,0,0,0,0,0,0,0,0,0,0,0,0,0,28.119,0,0,64.603,0,0,0,0,0,0,0,0,0,0,0,0,130.813,0,0,21.049,0,0,0,0,0,0,0,0,0,0,0,0,0,0,43.256,0,0,0,0,0,0,0,0,0,0,0,0,0,0,0,0,0,0,0
0,0,0,0,0,0,0,0,0,0,0,0,0,0,0,0,0,0,0,0,0,0,0,0,0,0,0,0,0,0,0,0,0,7.303,0,0,0,0,0,0,0,0,0,0,0,0,0,0,0,0,0,0,0,0,149.051,0,0,0,0,0,0,0,0,0,0,0,0,0,0,0,0,0,0,0,0,0,0,0,0,0,0,0,0,0,0,0
0,0,0,0,0,0,0,0,0,0.213,1.028,0,0,0,0,0,0,0,0,0,0,0,0,0,0,0,0,0,0,0,0,0,0,0,0,0,0,0,0,0,0,0,0,0,0,0,0,0,0,0,0,0,0,0,67.501,0,0,0,0,0,0,0,0,0,0,0,0,0,0,0,0,0,0,0,0,0,0,0,0,0,0,0,0,0,0,0
0,0,0,0,0,0,0,0,0,0,0.925,0,0,0,0,0,0,0,0,0,0,0,0,281.138,0,0,0,0,99.318,98.117,0,45.299,37.385,6.643,0,63.585,0,80.19,0,0,0,0,114.054,0,0,0,63.31,0,131.04,0,0,0,74.965,0,64.03,0,0,0,0,0,0,0,0,0,0,0,0,0,0,0,0.304,0,0,0,0,0,0,0,0,0,0,125.556,0,0,0,0
0,0,0,0,0,0,0,0,0,0,0,0,0,0,0,0,0,0,0,3.288,0,0,0,46.032,0,0,0,0,61.501,0,0,0,0,0,0,24.177,0,0,0,0,0,0,0,0,0,168.319,0,0,130.145,0,0,0,0,0,86.752,427.026,0,0,0,0,0,0,0,0,0,0,0,0,0,0,0,0,0,0,0,0,0,0,0,0,0,0,0,0,0,0
0,0,0,0,0,0,0,0,0,0,0,0,0,0,0,0,0,0,6.229,0,0,0,0,0,0,0,0,0,0,0,0,0,0,6.984,0,17.511,0,0,73.032,42.111,0,0,0,0,0,0,0,0,0,0,0,0,0,0,0,0,54.294,0,0,0,0,0,0,0,0,0,0,0,222.396,131.911,0,0,0,0,0,0,0,0,0,0,0,127.694,0,0,0,0
0,0,0,0,0,0,0,0,0,0,2.668,0,0,0,0,0,0,0,0,0,0,0,0,0,0,0,0,0,78.008,77.095,0,0,26.048,0,0,0,0,0,0,0,0,0,318.67,0,65.235,0,0,0,0,0,0,0,85.806,0,0,145.046,0,0,0,0,0,0,0,0,0,0,0,0,117.166,109.156,0,4.656,84.688,0,0,0,0,0,0,0,0,0,0,0,0,0
0,0,54.544,0,0,0,0,0,0,0,0,0,0,0,0,0,0,0,0,0,0,0,0,0,0,0,0,0,0,0,0,0,0,6.815,0,0,0,0,0,0,0,0,0,0,0,0,0,0,0,0,0,0,0,0,0,0,0,0,0,0,0,0,0,0,0,0,0,0,0,0,0,0,0,0,0,0,0,0,0,0,0,147.859,0,0,0,0
0,0,0,0,0,0,0,0,0,0,0,0,0,0,84.97,128.503,0,0.656,0,0,0,0,0,0,0,0,0,0,77.382,75.184,0,0,0,6.921,0,0,0,0,0,0,0,0,0,0,0,0,0,0,0,0,0,40.361,0,0,0,0,0,67.094,0,0,0,49.539,0,0,0,0,0,0,0,0,0,0,0,0,0,0,0,0,0,0,0,0,0,0,0,0
0,0,0,0,0,0,0,0,0,0,0,0,0,0,0,0,0,0,0,0,0,0,0,0,0,0,0,0,0,0,0,0,0,0,0,0,0,0,0,0,0,0,0,0,0,0,0,0,131.757,0,0,0,0,0,0,0,0,0,0,0,0,0,0,0,0,0,0,0,0,0,0,0,0,0,0,0,0,0,0,0,0,138.209,0,0,0,0
0,0,0,0,0,0,0,0,0,0,0,0,0,0,0,0,0,0,0,0,0,0,0,119.508,0,0,0,0,78.844,77.864,0,0,0,0,0,0,0,0,0,0,0,0,0,0,0,0,0,0,0,0,0,0,0,0,0,0,0,0,0,0,0,0,0,0,0,0,0,0,177.925,106.121,0,0,0,0,0,0,0,0,0,0,0,0,0,0,0,0
0,0,0,0,0,0,0,0,0,0,0,0,0,0,0,0,0,2.036,0,0,0,0,0,0,0,0,0,0,0,0,0,0,89.732,6.782,0,0,0,0,0,0,0,0,0,0,0,0,0,0,0,0,0,0,0,0,0,0,0,0,0,0,0,0,0,0,0,0,0,0,0,0,0,0,0,0,0,0,0,0,0,0,0,0,0,0,0,0
0,0,0,54.837,0,0,0,0,0,175.274,0,0,0,0,0,0,0,1.758,23.359,0,0,0,0,0,0,0,0,0,77.347,68.384,0,23.041,0,0,0,0,0,0,0,0,0,0,0,0,0,0,0,0,0,0,0,0,0,0,0,0,0,0,0,0,0,0,0,0,0,0,0,0,0,0,0,0,57.312,0,0,0,0,0,0,0,0,0,0,0,0,0
0,0,36.19,0,0,1.934,0,0,229.04,0,0,144.061,0,0,0,0,0,0,0,0,0,134.372,0,0,0,0,0,0,0,0,0,0,0,0,0,0,0,0,0,0,0,0,151.121,0,0,0,0,0,129.781,741.726,0,0,119.568,0,0,0,0,127.693,143.443,0,0,78.264,0,0,0,0,0,0,0,0,0,0,0,0,0,0,0,0,0,0,0,0,0,0,0,81.135
0,0,0,0,0,0,0,0,0,0,0,0,0,0,72.594,0,0,0,0,0.293,0,0,0,85.515,0,0,0,0,83.04,81.59,0,41.317,0,5.698,0,0,0,1.248,0,0,0,0,0,0,0,0,0,0,0,0,12.676,0,0,0,0,0,0,0,0,0,0,0,0,0,0,0,0,0,0,0,0,0,0,0,0,0,0,0,0,0,0,148.816,0,0,0,0
0,0,0,0,0,0,0,0,0,0,0,11.676,0,0,0,0,101.705,0,0,0,0.804,54.223,0,0,0,0,0,0,0,0,0,0,21.765,12.945,0,0,47.718,119.469,75.785,34.868,220.548,0,0,213.462,0,0,0,205.71,128.612,0,0,0,0,0,0,0,79.484,0,0,0,0,0,0,0,0,0,0,0,0,0,0,0,69.335,0,0,0,0,0,0,0,0,0,0,0,0,0
0,0,0,0,0,0,111.396,0,0,0,0,0,0,0,76.608,101.495,0,0,0,0,0,0,0,0,0,0,0,0,83.044,84.603,0,0,38.012,5.791,0,33.905,0,0,0,0,0,0,0,0,0,0,78.658,0,0,0,0,0,0,0,0,0,0,0,0,0,0,0,0,0,0,0,0,0,281.138,156.186,0,0,0,0,0,0,0,0,0,0,0,71.312,0,0,0,0
0,0,0,0,98.309,0,0,0,0,0,0,0,0,0,0,0,0,0,0,0,0,0,0,98.053,0,0,0,0,0,0,0,30.142,0,0,0,10.443,0,0,0,0,351.217,0,0,0,0,0,0,0,128.539,329.333,0,0,0,0,0,0,0,132.347,111.401,0,0,80.575,0,0,0,0,55.751,0,0,0,138.16,0,0,308.705,0,194.305,187.177,0,0,0,0,102.521,0,0,0,0
0,0,0,0,0,0,0,94.335,0,0,0,0,0,0,0,0,0,0,0,0,0,0,0,0,0,0,152.115,0,86.576,86.952,0,0,0,0,0,0,0,0,109.118,53.037,251.337,0,206.345,0,190.681,0,0,0,0,0,190.316,0,0,0,67.344,0,0,0,0,0,0,0,0,0,0,0,0,0,186.025,114.44,0,0,70.808,0,0,0,0,0,0,0,0,66.022,0,0,0,0
0,0,0,0,0,0,0,0,0,155.788,0,117.282,168.726,0,83.566,0,0,1.631,0,0,0,0,0,0,0,0,0,0,0,0,0,0,33.248,6.733,0,17.269,0,0,0,0,0,0,0,0,0,215.313,0,0,127.794,0,0,0,0,0,0,0,0,0,0,0,0,0,0,0,0,0,0,0,0,0,0,0,0,0,0,0,0,0,0,0,0,66.205,137.995,0,0,0
0,0,0,0,0,296.344,0,0,0,0,0,0,0,0,0,0,84.107,0,0,392.57,0,0,0,195.014,0,0,0,0,84.625,85.112,0,36.077,0,0,0,14.57,0,0,0,0,0,96.148,0,0,0,0,0,0,0,0,0,66.552,0,0,0,0,64.955,0,0,0,0,0,0,0,0,0,0,0,0,0,0,0,0,0,0,115.206,0,0,0,0,0,74.282,0,199.969,0,0
0,0,0,64.778,0,0,0,0,187.581,0,0.616,0,0,0,0,0,0,0.698,0,0,0,0,0,0,0,0,0,0,0,0,0,0,26.646,0,0,0,0,0,0,0,0,0,0,0,0,0,0,0,0,0,0,0,0,0,0,92.013,0,0,0,0,0,0,0,0,0,0,0,0,0,0,0,0,0,0,0,0,0,0,0,0,0,0,0,0,0,0
0,0,0,0,0,0,0,0,0,0,0,0,0,0,0,0,0,1.606,0,0,0,0,0,0,0,0,0,0,77.059,0,0,0,0,6.588,0,0,0,181.981,0,0,0,0,0,0,0,0,0,0,0,0,4.195,0,0,0,0,0,0,0,0,0,0,0,0,0,0,0,0,0,202.746,118.688,0,0,0,0,0,0,0,0,0,0,0,68.358,0,0,0,0
0,0,0,0,0,0,0,0,0,0,0,0,0,226.361,91.932,101.788,0,404.32,0,0,0,0,0,0,0,0,0,0,0,0,0,30.514,26.803,0,0,15.207,0.222,0,106.476,52.863,0,0,0,0,0,0,0,0,0,0,0,0,0,0,0,0,0,0,0,0,0,0,0,0,0,0,0,0,0,0,0,0,69.626,0,230.028,0,0,0,0,0,0,82.026,0,0,0,0
0,0,0,0,0,246.2,0,0,0,0,0,0,0,0,0,0,0,0,0,0,0,129.348,0,0,0,0,0,0,83.472,0,168.322,0,19.678,0,0,0,0,0,0,0,307.193,0,0,0,0,0,0,0,0,0,0,0,113.772,0,0,0,0,0,226.558,0,0,120.467,0,0,0,0,70.561,0,0,0,158.529,0,0,0,0,0,0,0,0,0,0,0,0,0,0,0
0,0,0,0,0,103.623,0,0,0,0,1.121,0,0,0,0,0,124.69,0,0,0,0,0,0,0,0,0,0,0,0,0,13.115,0,48.768,6.113,0,12.333,0,0,0,0,0,0,155.07,0,0,0,0,114.983,0,0,0,0,0,0,0,0,64.36,0,0,0,0,64.92,0,0,0,0,49.708,0,255.09,149.012,0,0,0,0,0,0,0,0,0,259.843,150.641,73.69,0,0,0,0
0,0,0,0,0,0,0,0,0,171.935,0,0,0,0,0,100.107,0,0,0,0,0,0,0,0,0,0,0,0,86.291,87.954,0,0,0,0,0,0,321.349,12.133,0,0,0,0,0,160.997,0,0,0,0,0,0,0,0,0,0,0,0,0,0,0,0,0,0,0,0,0,0,0,0,0,0,0,0,64.067,0,0,0,0,0,0,0,236.332,0,0,0,0,0
0,0,0,0,0,0,0,0,0,0,0,99.972,0,0,73.456,62.215,0,2.782,0,0,0,0,0,24.631,347.272,161.694,0,0,0,0,0,28.516,35.545,18.388,0,18.279,0,0,102.219,51.843,0,0,0,0,0,302.146,0,151.506,0,0,0,0,0,0,0,0,0,0,0,0,0,0,0,0,0,0,0,0,0,0,0,0,0,0,0,0,0,0,0,0,0,0,0,0,0,478.796
0,0,0,66.329,0,0,0,0,0,0,0,0,0,0,80.018,0,0,0,0,0,0,0,0,0,0,0,0,0,81.183,83.719,0,28.248,0,0,0,23.463,0,143.57,0,0,0,0,0,0,0,0,112.364,0,0,0,0,0,0,0,0,0,0,0,0,0,0,0,0,0,0,0,0,0,207.838,121.952,0,0,0,87.127,372.109,0,0,0,0,0,0,151.555,0,0,0,361.736
0,0,0,0,0,0,0,0,0,0,0,0,0,0,0,0,0,0,0,0,0,0,0,238.605,0,0,0,0,0,0,291.965,0,40.832,0,0,0,0,0,0,0,0,0,0,0,0,0,0,0,0,0,0,0,0,0,0,0,0,0,0,0,0,0,0,0,0,0,121.828,0,0,0,0,0,0,0,0,0,171.637,140.076,0,0,0,0,0,0,0,0
0,0,0,0,72.157,0,0,0,0,0,0,0,135.511,0,0,0,0,0,0,0,0,0,224.326,0,0,0,0,0,0,0,0,0,0,5.893,0,0,0,0,98.93,52.622,0,0,94.069,0,0,0,0,0,0,0,0,0,105.494,0,0,0,0,0,0,0,0,0,0,0,0,0,527.937,0,0,0,0,0,0,0,0,0,0,0,0,0,0,112.337,0,0,0,0
0,0,0,0,0,0,0,0,208.443,0,0,0,0,250.766,0,0,106.528,176.712,0,0,0,143.335,0,0,0,0,0,0,91.894,0,0,0,33.666,0,0,0,0,0,0,0,0,0,0,0,106.243,205.623,0,0,254.727,0,0,0,0,0,0,0,67.876,0,143.114,0,0,95.602,0,0,0,0,0,0,0,0,0,0,0,0,0,0,0,0,0,0,0,0,133.415,0,0,0
0,0,0,0,0,0,34.029,0,0,0,0,0,0,0,83.281,140.117,0,178.585,0,0,0,0,0,0,0,0,0,0,0,0,0,36.957,0,5.802,0,142.319,0,0,0,0,0,0,0,0,0,0,0,0,0,0,0,0,0,0,0,0,0,0,0,0,0,0,0,0,0,0,0,0,217.163,154.813,0,0,66.776,0,0,0,0,0,0,0,0,137.28,0,0,0,0
0,0,138.866,0,0,0,0,98.453,0,175.301,0,0,0,0,84.209,0,0,2.158,0,0,0,0,0,0,0,0,0,0,0,0,0,0,34.034,6.451,0,28.847,0,0,0,0,122.759,0,88.421,0,0,0,112.208,0,0,0,0,128.397,0,0,0,0,0,0,70.004,0,0,51.83,0,0,0,0,0,0,0,0,0,0,0,0,0,0,0,0,0,0,0,59.925,0,0,0,0
369.69,0,0,0,0,0,0,0,42.4,0,0,99.241,0,0,1.337,0,0,0,0,23.208,64.253,0,0,0,0,0,0,0,0,0,0,0,0,12.373,0,31.828,0,0,0,0,120.499,0,0,188.262,0,0,0,185.288,0,0,203.433,0,0,0,0,0,0,0,0,0,0,0,0,0,279.702,167.224,0,0,0,0,0,0,0,0,0,0,0,0,0,0,0,60.207,0,0,0,0
0,0,0,0,0,0,0,0,54.577,0,0,0,0,0,0,0,0,2.931,0,0,0,0,0,0,0,0,0,0,89.411,97.783,0,30.516,41.986,0,0,0,107.561,0,0,51.652,0,0,0,0,0,210.863,0,0,0,0,0,0,0,0,6.696,0,82.879,0,0,0,0,0,0,0,0,0,0,0,213.482,120.561,0,0,0,0,0,0,0,0,0,0,0,0,0,0,0,0
0,0,0,0,0,0,0,0,0,0,0,0,0,167.761,0,0,90.453,0,0,0,0,69.402,0,201.206,0,0,0,0,0,0,0,0,0,6.769,0,0,0,0,0,0,179.857,0,0,0,0,0,0,0,0,0,0,0,116.213,0,0,0,0,0,0,0,0,0,0,0,0,0,0,0,0,0,0,0,0,90.455,0,0,152.686,0,0,0,107.183,79.694,0,0,0,321.524
0,0,0,0,0,0,0,0,0,0,0,0,0,0,0,301.185,0,0,0,273.384,0,0,0,0,0,0,0,0,0,0,0,0,0,0,0,0,0,0,0,0,0,0,0,0,0,0,0,0,0,264.546,0,0,0,0,0,0,0,0,0,0,0,0,0,0,0,0,0,0,0,0,0,0,0,0,0,292.81,0,0,0,0,0,150.14,0,0,0,0
0,0,59.342,0,0,0,6.173,0,164.485,0,0,0,0,0,92.818,0,0,0,0,67.548,0,0,0,0,0,0,0,0,88.957,92.328,0,0,43.891,6.42,0,0,0,0,0,0,0,58.935,0,0,0,0,0,0,0,0,0,0,0,0,0,0,0,125.126,257.951,0,0,111.681,0,0,0,0,0,131.158,214.086,115.69,143.976,0,0,0,0,0,0,0,0,0,0,0,0,0,0,0
0,0,0,0,0,0,0,0,0,0,0,128.694,0,0,0.623,0,0,0,0,0,0,0,0,0,0,0,0,0,0,0,0,37.836,0,0,0,0,0,0,0,0,0,0,113.345,0,0,0,110.085,0,0,13.255,0,0,82.437,0,0,0,0,0,0,0,0,0,0,0,0,0,0,0,0,0,0,0,0,0,0,0,0,0,0,0,0,183.915,0,7.055,0,0
191.062,0,0,0,0,0,0,0,0,0,0,0,0,0,0,0,0,0,0,0,27.939,0,0,0,0,0,0,0,0,0,0,0,0,13.31,0,0,0,0,0,0,0,0,0,0,0,208.655,0,0,178.191,219.169,0,0,0,0,0,0,0,0,0,0,0,0,459.845,0,0,0,0,0,0,0,0,0,0,0,0,0,0,0,0,0,101.904,0,0,0,0,0
0,0,0,74.925,0,0,7.156,0,0,156.333,0,0,146.145,0,80.721,211.722,89,2.397,0,6.829,0,86.317,0,0,0,0,0,0,83.637,84.162,314.349,35.591,48.348,0,0,0,0,140.896,0,0,194.516,0,0,102.14,0,0,0,221.23,0,0,0,0,0,0,0,0,0,0,0,93.809,0,0,0,0,0,0,0,11.443,231.07,138.541,0,0,0,0,0,0,0,0,0,0,0,61.179,0,0,0,0
0,3.745,24.848,0,0,0,5.328,0,0,0,0,0,0,0,0,0,0,0,0,0,0,0,0,0,0,0,175.183,0,0,0,0,0,0,6.793,0,53.459,90.544,0,75.039,52.613,0,109.952,0,0,0,0,0,0,0,0,0,74.193,0,0,0,0,0,0,0,0,0,0,0,230.265,0,0,0,0,0,0,0,0,0,0,0,0,0,0,0,0,0,64.099,0,0,0,0
0,0,0,0,0,0,0,0,0,0,0,0,0,0,0,0,0,3.868,0,0,0,0,0,0,0,0,0,0,0,0,0,0,0,14.61,0,0,109.172,0,0,0,0,0,0,0,0,0,0,0,0,0,0,0,0,0,0,0,0,84.125,0,0,0,90.284,0,115.692,0,0,0,0,264.828,124.138,0,0,0,0,0,0,0,0,0,0.276,0,0,0,0,0,0
0,0,0,0,0,0,0,0,125.042,0,0,0,0,0,79.661,0,0,0,0,0.73,0,44.533,0,0,0,0,0,0,0,0,0,0,39.681,0,0,0,0,0,0,0,0,0,78.691,0,0,0,0,0,0,0,0,0,0,0,0,0,0,0,0,0,0,0,0,117.744,0,0,0,0,0,0,0,0,0,0,0,0,0,0,0,0,0,116.932,0,0,0,0
0,0,0,0,0,0,54.764,0,0,0,0,0,0,0,0,0,0,0,0,0,0,0,0,0,200.125,92.596,0,0,0,0,0,29.303,34.978,0,0,0,0,0,0,0,0,0,0,0,0,224.148,0,0,0,0,0,0,0,0,0,0,0,0,0,9.772,0,0,0,0,0,0,0,0,0,0,0,0,0,0,0,0,164.662,0,0,0,0,93.722,0,0,0,0
0,0,17.395,0,0,133.993,0,0,0,0,0,0,0,234.511,0,0,0,168.694,0,0,0,0,0,6.018,0,0,0,0,0,0,0,0,0,6.631,0,47.851,0,0,58.011,51.703,0,0,0,0,0,0,99.516,0,0,0,0,0,0,0,0,0,0,0,0,0,0,0,0,0,0,0,0,83.645,267.671,143.419,41.583,0,0,0,0,0,0,0,0,124.877,112.706,4.92,0,0,0,0
0,0,0,62.856,0,0,4.832,0,0,0,0,0,0,0,82.902,0,0,0,0,0,0,81.783,0,0,0,0,0,0,0,0,0,0,0,0,0,0,0,0,0,0,315.798,0,81.256,0,0,0,0,0,0,0,0,48.579,0,0,0,0,0,0,0,0,0,0,0,118.753,0,0,10.047,0,0,0,0,0,0,71.497,0,0,0,0,0,0,0,141.891,0,0,0,175.885
0,0,0,0,0,0,0,0,0,0,0,0,0,0,105.851,0,0,0,0,0,0,43.901,0,0,0,0,0,0,0,0,0,25.597,34.545,0,0,0,0,0,0,0,0,0,0,0,0,0,0,0,159.763,277.17,0,0,0,0,0,0,0,0,0,0,0,0,0,0,0,0,0,2.928,0,0,0,0,0,0,0,0,0,0,0,0,0,0,0,218.854,0,0
0,0,0,0,0,0,0,0,0,0,0,0,0,0,0,0,0,0,0,0,0,86.069,0,0,0,0,0,0,0,0,0,0,0,13.359,0,0,0,0,0,0,0,0,94.99,0,0,0,0,0,0,310.877,0,0,0,0,0,0,0,0,0,1.249,0,0,0,0,0,0,0,36.329,250.123,358.428,0,0,0,0,0,0,0,0,0,0,0,83.695,0,0,0,0
0,0,0,0,0,0,0,0,0,0,0,0,0,0,0,0,0,2.889,0,0,0,0,0,235.835,0,0,0,0,0,0,0,0,0,0,0,0,0,0,0,0,0,0,0,0,0,0,0,0,0,0,0,0,0,0,0,0,0,0,0,0,0,0,0,0,0,0,0,33.042,0,0,0,0,0,0,0,0,0,0,0,0,0,0,0,0,0,0
0,0,0,0,0,45.757,0,0,0,0,0,0,0,0,101.757,0,0,9.731,0,0,0,0,0,0,0,0,0,0,0,0,0,0,0,0,0,0,0,0.977,0,0,0,0,0,206.291,0,224.201,0,213.244,0,0,0,0,0,0,0,129.847,0,0,0,0,0,0,0,0,0,0,0,0,0,0,0,0,0,0,0,0,0,0,0,0,0,153.877,0,0,0,0
0,0,0,0,0,0,0,0,0,0,0,0,0,0,0,0,0,0,0,2.883,0,0,0,0,365.287,121.344,0,0,0,0,0,0,30.105,0,0,0,153.945,0,0,0,0,0,0,0,0,0,0,0,0,0,0,0,0,0,0,0,0,0,0,0,0,0,0,0,0,0,0,0,0,0,0,0,0,0,0,0,0,126.692,0,0,0,0,0,0,0,0
0,0,15.682,0,0,0,6.605,0,0,0,0,0,0,0,0,0,0,112.2,0,0,0,0,0,0,200.9,0,0,0,0,0,0,0,0,0,0,0,0,0,273.824,176.86,0,0,0,0,0,0,0,0,0,0,4.623,0,0,0,0,0,0,0,0,0,0,0,0,0,0,0,0,0,229.524,115.827,0,0,0,0,0,0,0,0,0,0,0,0,0,0,0,0
0,0,0,0,0,0,0,0,0,0,0,0,0,0,0,0,0,0,0,0,0,52.785,0,0,152.31,0,0,0,0,0,0,0,0,7.286,0,0,0,0,0,0,0,0,87.635,0,0,0,0,0,0,0,0,0,0,0,0,0,0,0,0,0,0,0,0,0,0,0,34.546,0,0,0,0,0,0,0,0,232.443,150.342,0,0,0,0,0,0,0,0,0
0,0,0,0,0,0,0,0,0,0,0,0,0,0,0,0,0,0,0,0,0,0,0,0,0,0,0,0,0,0,0,0,0,6.879,0,0,0,0,0,0,0,0,0,0,0,0,0,0,0,0,0,42.722,0,0,0,0,0,0,0,0,0,0,0,0,0,0,0,0,0,0,0,0,0,0,0,0,0,0,0,0,0,0,0,0,0,0
0,0,0,0,0,0,179.872,0,0,0,0,0,0,0,0,0,0,0,0,0,0,0,0,0,0,0,0,0,0,0,0,0,0,5.587,0,0,0,0,0,0,0,0,0,0,0,0,0,0,0,0,0,0,0,0,0,0,0,0,191.722,0,0,0,0,0,0,0,0,0,0,0,0,0,0,0,0,0,0,0,0,0,0,0,0,0,0,0
0,0,0,0,0,0,0,0,0,0,0,0,0,0,0,0,0,0,0,0,0,0,0,0,0,0,0,0,0,0,0,0,0,19.595,0,10.965,0,0,0,0,0,0,0,0,0,0,0,0,0,0,0,0,0,0,0,0,0,0,0,0,0,0,0,0,0,0,0,0,0,0,0,0,0,0,0,0,0,0,0,0,0,0,0,0,0,0
0,0,0,0,0,0,0,0,0,0,0,0,0,0,0,0,0,0,0,0,0,0,0,0,0,0,0,0,0,0,0,0,0,14.502,0,0,0,0,0,0,0,0,0,0,0,0,0,0,0,0,0,0,0,0,0,0,0,0,0,0,0,0,0,0,0,0,0,0,0,0,0,0,0,89.346,0,184.176,0,0,0,0,0,0,0,0,0,0
0,0,0,0,0,0,0,0,0,0,0,0,0,0,0,0,0,0,0,0,0,0,0,0,0,0,0,0,0,0,0,0,0,7.253,0,0,0,0,0,0,0,0,0,0,0,0,0,0,0,0,0,0,0,0,0,0,0,0,0,0,0,0,0,0,0,0,0,0,0,0,0,0,0,0,0,0,0,0,0,0,0,0,0,0,0,0
0,0,0,0,0,0,0,0,0,0,0,0,0,0,0,0,0,0,0,0,0,0,0,0,0,0,0,0,0,0,0,0,0,14.527,0,0,0,0,0,0,0,0,0,0,0,0,0,0,0,0,0,0,0,0,0,0,0,0,0,0,0,0,0,0,0,0,0,0,0,0,0,0,0,0,0,0,0,0,0,0,0,0,0,0,0,0
0,0,0,0,0,0,0,0,0,0,0,0,0,0,0,0,0,0,0,0,0,0,0,0,0,0,0,0,0,0,0,0,0,13.13,0,0,0,0,0,0,0,0,0,0,0,0,0,0,0,0,0,0,0,0,0,0,0,0,0,0,0,0,0,0,0,0,0,0,0,0,0,0,0,0,0,0,0,0,0,0,0,0,0,0,0,0
0,0,0,0,0,0,0,0,0,0,0,0,0,0,0,0,0,0,0,0,0,0,0,0,0,0,0,0,0,0,0,0,0,0,0,0,0,0,0,0,0,0,0,0,0,0,0,0,0,0,0,0,0,0,0,0,0,0,0,0,0,0,0,0,0,0,0,0,0,0,0,0,0,0,0,0,0,0,0,0,0,0,0,0,0,0
0,0,0,0,0,0,0,0,0,0,0,0,0,0,0,0,0,0,0,0,0,0,0,0,0,0,0,0,0,0,0,0,0,13.841,0,37.695,0,0,0,0,0,0,0,0,0,0,0,0,0,0,0,0,0,0,0,0,0,0,0,0,0,0,0,0,0,0,0,0,0,0,0,0,0,0,0,0,0,0,0,0,0,0,0,0,0,0
0,0,0,0,0,0,0,0,0,0,0,0,0,0,0,0,0,0,0,0,0,73.661,0,0,0,0,0,0,0,0,0,0,0,13.026,0,0,0,0,0,0,0,0,0,0,0,214.964,0,0,0,0,0,0,0,0,0,0,0,0,0,0,0,0,0,0,0,0,0,2.206,112.459,129.555,0,0,0,0,0,0,0,0,0,0,0,0,0,255.562,0,0
0,0,0,0,0,0,0,0,0,0,0,0,0,0,0,0,0,0,0,0,0,136.97,0,0,0,0,0,0,0,0,0,0,0,14.529,0,0,0,0,0,0,0,0,0,0,0,0,86.541,0,0,101.986,0,68.666,0,0,0,0,0,0,0,0,0,0,0,0,0,0,0,0,129.355,0,0,0,0,0,0,0,0,0,0,0,0,0,0,0,0,0
0,0,0,0,0,0,0,0,0,0,0,0,0,0,0,0,0,0,0,0,0,41.683,0,0,0,0,0,0,0,0,0,0,35.85,13.054,0,0,0,0,0,0,225.533,0,0,0,104.868,0,0,0,0,0,103.431,0,0,0,0,0,0,0,0,0,0,0,0,0,0,0,0,16.801,0,0,0,0,0,0,0,0,0,0,0,0,0,0,0,0,0,0
0,0,0,0,0,0,0,0,0,0,0,0,0,0,0,0,0,5.407,0,6.183,0,0,0,0,0,0,0,0,0,0,0,0,0,43.815,0,0,0,0,0,0,0,0,0,0,0,0,0,0,0,0,0,0,0,0,0,0,0,0,0,0,0,0,0,0,0,0,0,0,0,0,0,0,0,0,0,212.49,119.273,0,0,0,0,0,0,0,0,0
0,0,0,0,0,0,5.902,0,0,0,0,0,0,191.36,0,0,0,77.536,0,457.959,0,0,0,0,0,0,0,0,0,0,0,0,0,7.009,0,0,0,0,106.666,89.53,57.222,0,0,0,0,0,0,0,0,0,0,0,0,0,0,0,0,0,0,0,0,0,0,0,0,0,0,0,0,0,0,0,0,0,0,0,95.798,0,0,0,0,0,0,0,0,0
0,0,0,0,0,125.09,64.523,0,0,0,0,0,0,0,0,0,0,79.296,0,0,0,0,0,0,0,0,0,0,0,0,0,0,0,14.304,0,0,68.339,0,0,0,0,0,0,0,0,0,0,0,126.713,0,0,0,0,0,0,0,0,0,0,0,0,0,0,0,0,0,0,0,0,0,0,0,0,0,0,0,0,0,0,0,0,0,0,0,0,0
0,0,0,37.539,0,0,0,0,0,0,0,0,0,0,0,0,0,0,0,0,0,0,0,0,0,0,0,0,0,0,0,0,0,7.272,0,0,0,239.684,0,0,0,0,0,0,0,0,0,260.584,0,0,0,0,0,0,0,0,0,0,0,0,0,0,0,0,0,0,0,0,257.352,131.766,0,0,0,0,0,0,0,0,0,0,80.113,0,0,0,0,0
0,0,14.922,0,0,0,0,0,0,0,0,0,0,0,0,0,0,0,0,4.804,0,0,0,0,0,0,0,0,0,0,0,0,0,6.106,0,0,0,0,0,0,0,0,0,257.915,0,0,0,0,0,0,0,59.984,0,0,0,0,0,0,0,0,0,0,0,0,0,0,0,0,0,0,0,0,0,83.788,0,0,0,0,0,0,0,0,0,0,0,0
229.329,0,0,0,0,0,0,0,0,0,0,0,0,0,0,0,0,0,0,0,0,168.995,0,0,0,0,195.426,0,0,0,0,0,0,13.986,0,1.785,0,0,149.515,0,0,0,0,0,0,0,0,0,0,92.989,0,0,0,0,0,0,0,0,0,0,0,0,0,0,0,0,0,0,0,0,0,0,0,0,0,163.223,0,0,0,0,0,0,0,0,0,0
0,0,0,0,0,0,6.458,0,0,0,0,0,0,0,0,0,0,0,0,0,0,0,0,0,0,0,0,0,0,0,0,0,0,7.304,0,68.249,0,0,0,0,0,0,0,0,0,209.377,0,0,0,0.16,0,0,0,0,0,0,0,0,0,0,0,0,0,0,0,0,0,9.961,0,0,132.575,0,0,0,230.629,0,0,74.503,0,0,0,0,0,0,0,0
0,0,0,0,0,0,0,0,0,0,0,0,0,0,0,0,0,0.289,0,0,0,0,525.184,0,0,0,0,0,0,0,0,0,0,16.187,0,88.095,0,0,0,0,0,96.654,0,0,99.441,0,78.832,0,136.988,0,0,0,0,0,0,379.195,0,0,0,0,0,0,0,0,0,0,54.02,0,266.582,136.017,0,0,0,0,168.903,0,0,0,0,0,0,0,0,0,0,0
0,0,0,0,0,0,6.577,0,0,0,0,0,0,0,0,0,0,121.299,0,0,0,0,0,0,0,0,0,0,0,0,0,0,0,14.469,0,13.187,0,0,142.16,54.88,0,0,0,0,0,232.559,0,0,0,0,0,0,0,0,0,0,0,0,0,0,0,0,0,0,0,0,0,0,0,0,0,0,236.861,0,0,0,0,0,0,0,0,0,0,0,0,0
0,0,0,0,0,0,0,0,0,0,0,0,0,195.753,0,0,0,134.466,0,0,0,118.686,0,0,0,0,0,0,0,0,0,0,0,21.536,0,0,0,0,0,0,0,0,0,0,0,0,0,0,0,0,0,0,0,0.69,0,0,0,0,0,0,0,0,0,0,0,0,484.008,0,0,0,0,0,128.795,0,0,0,0,0,0,0,0,0,0,0,0,0
0,0,0,0,0,0,0,0,0,0,0,0,0,0,0,0,0,0,0,0,0,0,0,0,0,0,0,0,0,0,0,0,0,14.936,0,13.867,0,0,0,0,186.265,0,0,0,0,0,0,0,0,0,184.639,53.345,228.194,5.272,0,0,0,137.434,0,0,0,0,0,0,0,0,135.655,0,0,0,0,0,0,0,0,0,125.674,0,0,0,55.914,0,0,118.902,0,0
0,0,0,76.892,0,0,0,0,0,0,0,0,0,0,0,0,0,0,0,1.77,0,0,0,0,0,0,0,0,0,0,0,0,0,43.199,0,0,72.557,0,0,0,93.613,77.875,0,0,0,0,0,0,0,0,0,0,0,0,0,0,0,0,0,0,0,0,0,0,0,0,0,74.296,0,0,0,0,0,0,0,0,0,0,0,0,0,0,0,0,0,0
0,0,59.189,0,0,95.762,0,0,0,0,0,0,0,0,0,0,0,0,0,0,0,0,0,0,0,0,0,0,0,0,0,0,0,13.769,0,51.516,0,0,0,0,0,0,0,201.012,0,0,0,209.386,0,136.227,0,0,0,0,0,0,0,0,0,0,0,0,0,111.664,143.14,0,0,0,0,0,0,0,0,0,0,198.779,0,0,0,0,0,0,0,0,0,0
0,0,0,0,0,0,5.527,0,0,0,0,0,0,0,0,0,0,2.452,0,0,0,152.187,0,0,0,0,0,0,0,0,0,0,0,7.286,0,0,0,0,0,0,0,0,0,0,0,0,0,0,129.56,0,0,0,0,0.578,0,0,0,0,0,0,0,34.247,0,113.869,0,0,46.103,0,0,0,0,0,0,0,0,0,0,0,0,0,0,0,0,0,0,0
243.967,0,0,0,0,0,4.038,0,0,0,0,0,0,0,0,0,0,0,0,0,0,0,0,0,0,0,0,0,0,0,0,0,0,14.591,0,0,0,0,0,0,0,0,0,0,0,0,0,0,0,0,0,0,0,0,0,0,0,0,0,0,0,3.977,0,229.417,0,0,0,0,0,0,0,0,0,0,0,0,0,0,0,0,0,0,0,0,0,0
0,0,0,0,0,0,6.27,0,0,0,0,0,0,0,0,0,0,2.737,0,0,0,0,0,0,0,0,0,0,0,0,0,0,0,12.993,0,0,0,0,114.872,111.971,0,0,131.11,0,0,229.477,0,0,0,0,0,0,0,0,0,0,0,0,0,0,0,0,0,0,0,0,0,5.505,0,0,0,0,0,153.698,0,0,0,0,0,0,0,0,0,0,0,0
0,0,0,0,0,0,0,0,0,0,0,0,0,0,0,0,0,0,0,0,0,0,0,0,0,0,0,0,0,0,0,0,0,7.272,0,0,0,0,0,0,0,0,0,0,110.46,0,0,0,116.838,0,0,0,0,0,0,61.145,0,0,0,0,0,0,0,0,0,0,0,0,0,0,104.902,0,0,0,0,164.326,0,0,0,182.452,0,0,0,0,0,0
0,0,0,0,0,0,0,0,0,0,0,0,0,0,0,0,0,0,0,0,0,0,0,0,0,0,0,0,0,0,0,0,0,34.369,0,47.599,0,0,0,0,0,0,0,0,0,0,100.302,0,0,0,0,72.31,0,0,0,0,0,0,0,0,0,0,0,0,0,0,16.324,0,0,0,0,0,0,0,0,0,41.631,0,0,0,68.419,0,0,0,0,0
0,0,16.01,0,0,0,0,0,0,0,0,0,0,206.978,0,0,0,88.681,0,0,0,135.053,0,0,0,0,0,0,0,0,0,0,0,14.048,0,0,0,0,0,0,0,0,0,0,0,0,0,0,0,0,0,0,0,0,0,0,0,0,0,0,0,0,0,0,0,0,0,0,0,0,0,0,0,0,0,0,0,78.959,0,0,0,0,0,113.024,0,0
0,0,79.734,0,0,428.66,0,0,0,0,0,0,0,0,0,0,0,3.282,0,0,0,0,0,0,0,0,0,0,352.382,201.677,0,0,0,7.229,0,0,0,0,0,0,0,0,0,0,0,203.933,0,0,0,0,0,0,0,0,0,0,0,0,0,0,0,0,0,0,0,0,0,0,0,0,0,0,0,0,0,0,0,0,0,0,0,0,0,0,0,0
0,0,0,0,0,0,86.802,0,0,0,0,0,0,0,0,0,0,0,0,0,0,0,0,0,0,0,0,0,0,0,0,0,0,14.121,0,0,0,0,105.684,0,0,0,0,0,0,0,0,0,0,0,0,0,0,0.186,0,0,0,0,0,0,0,0,0,0,0,0,0,0,0,0,0,0,0,0,0,0,0,0,0,0,0,0,0,0,0,0
0,0,0,0,0,0,6.521,0,0,0,0,0,0,0,0,0,0,0,0,0,0,0,0,0,0,0,0,0,0,0,0,0,0,7.023,0,0,0,0,0,111.717,0,0,0,247.863,0,0,0,254.121,307.223,0,0,58.803,0,0,0,0,0,0,0,0,0,0,0,0,0,0,0,0,0,0,0,0,0,0,0,0,0,0,0,0,0,0,0,0,0,0
0,0,16.797,44.585,0,0,0,0,0,0,0,0,0,0,0,0,0,127.843,0,0,0,0,0,0,0,0,0,0,0,0,0,0,0,0,0,0,0,46.547,0,0,0,0,0,0,100.202,0,0,0,0,0,0,0,0,31.943,0,0,0,0,0,0,0,0,0,0,0,0,0,9.71,0,0,0,0,0,0,0,0,0,0,0,0,0,0,0,0,0,0
0,0,0,0,0,0,0,0,0,0,0,0,0,0,0,0,0,0,0,0,0,0,0,0,0,0,0,0,0,0,0,0,0,7.222,0,0,0,0,0,0,0,0,0,0,0,0,0,0,0,0,0,0,0,0,0,0,0,0,0,0,0,0,0,0,0,0,0,0,0,0,0,0,0,0,0,0,0,0,0,0,0,0,0,0,0,0
0,0,0,0,0,287.694,0,0,0,0,0,0,0,0,0,0,0,0,0,0,0,0,0,0,0,0,0,0,0,0,0,0,0,7.183,0,0,0,0,0,0,0,0,0,0,0,0,0,0,0,0,0,0,0,0,0,0,0,0,0,0,0,0,0,0,0,0,0,0,0,0,0,0,0,0,0,0,0,0,0,0,0,0,0,0,0,0
0,0,0,0,0,183.713,0,0,0,0,0,0,0,0,0,0,0,0,0,1.798,0,0,0,0,0,0,0,0,0,0,0,0,0,7.137,0,0,0,0,0,0,0,0,175.545,0,0,0,0,0,0,0,0,0,0,0,0,0,0,0,0,0,0,0,0,0,0,0,0,0,0,0,0,0,0,0,0,0,0,0,0,0,0,0,0,0,0,0
0,634.199,0,0,0,160.718,0,0,0,0,0,0,0,0,0,0,250.085,0,0,0,0,59.754,0,0,0,0,0,0,0,0,0,0,0,13.132,0,0,0,0,0,0,269.703,0,0,0,0,0,0,0,0,0,0,0,0,0,0,0,0,0,0,0,0,0,0,0,0,0,31.441,0,0,0,0,0,0,0,0,0,0,0,100.566,0,0,0,0,0,0,0
119.53,374.024,0,0,0,117.259,0,0,0,0,0,0,0,0,0,0,63.586,0,0,0,0,0,0,0,0,0,0,0,0,0,0,0,0,14.184,0,0,316.996,0,0,0,0,0,0,0,0,0,0,0,0,0,0,46.483,0,0,0,0,0,0,0,0,0,0,0,0,0,0,23.221,0,0,0,98.37,0,0,0,0,0,0,0,23.336,0,0,0,0,0,0,0
0,178.923,0,0,0,96.434,4.933,0,0,0,0,0,0,0,0,0,0,0,0,0,0,115.429,0,0,0,0,0,0,0,0,0,0,0,13.445,0,0,147.055,0,0,0,0,0,0,0,0,0,0,0,0,139.687,0,0,0,2.832,0,0,0,86.726,112.554,0,0,0,0,0,0,0,0,0,0,0,0,0,0,81.407,0,0,0,0,31.364,0,0,0,0,0,0,0
0,0,0,0,0,202.532,0,0,0,0,0,0,0,0,0,0,40.779,0,0,0,0,0,291.325,0,0,0,0,0,0,0,0,95.179,115.03,7.221,0,0,0,153.852,99.022,108.937,151.009,0,0,0,0,209.607,0,0,163.986,0,0,0,0,0.613,0,0,0,0,0,0,0,0,0,0,0,0,0,0,0,0,0,0,0,0,0,0,133.37,0,0,0,378.986,0,0,0,0,0
0,0,0,0,0,49.616,0,0,0,0,0,0,0,0,0,0,2.722,70.692,0,0,0,0,0,0,0,0,0,0,0,0,0,0,0,7.268,0,0,0,0,0,0,0,0,0,0,103.858,0,37.215,0,0,0,0,0,0,0.174,0,0,0,0,0,0,0,0,0,0,0,0,0,3.449,0,0,0,0,0,0,0,0,0,0,0,0,0,187.236,0,0,0,0
0,26.682,0,0,0,70.79,0,0,0,0,0,0,0,0,0,0,0,0,0,0,0,0,0,0,0,0,0,0,0,0,0,0,0,13.948,0,0,0,0,0,0,0,0,0,0,0,0,0,0,0,0,213.565,0,0,1.265,0,208.692,0,0,0,0,0,0,0,0,0,0,10.297,0,0,0,0,0,0,0,0,0,0,0,0.907,0,0,0,0,0,0,0
0,212.917,0,0,0,67.616,0,0,0,0,0,0,0,0,0,0,0,0,0,0,0,0,0,0,0,0,0,0,0,0,0,0,0,9.191,0,0,0,0,0,0,0,0,0,0,0,0,0,0,0,0,0,0,0,0.332,0,0,0,0,0,0,0,0,0,0,0,0,0,0,0,0,0,0,0,0,0,0,0,0,28.49,0,0,0,0,123.307,0,0
0,0,0,0,0,96.043,0,0,0,0,0,0,381.85,0,0,0,0,0,0,1.9,0,74.085,0,0,0,0,0,0,0,0,0,0,0,7.228,0,0,0,0,0,0,0,75.23,0,0,0,224.072,0,0,0,0,0,0,0,0,0,0,0,0,0,0,0,0,0,0,0,0,0,0,0,0,0,0,0,0,69.126,0,0,0,0,0,0,132.391,0,0,0,0
0,151.94,57.637,0,0,92.486,0,0,0,0,0,0,0,212.214,0,0,0,0,0,0,0,96.129,0,0,0,0,0,0,0,0,0,0,0,6.23,0,0,0,0,0,0,0,0,0,238.082,0,0,0,254.332,0,0,0,0,0,1.369,0,0,0,0,0,0,0,0,491.593,0,33.929,259.354,0,0,0,0,102.805,0,0,0,0,0,0,0,38.95,0,0,110.008,0,0,0,0
0,89.765,0,0,0,91.98,0,0,0,0,0,0,0,0,0,0,0,0,0,0,0,0,0,0,0,0,0,0,0,0,0,0,0,6.286,0,0,0,0,0,0,0,0,0,0,0,0,0,0,0,218.844,0,0,0,3.702,0,0,0,0,0,0,0,0,287.881,89.763,0,0,0,0,0,0,0,0,0,0,0,0,0,0,7.521,0,0,43.13,0,0,0,0
0,244.487,0,0,0,99.739,0,0,0,0,0,0,129.463,0,0,0,4.696,125.337,0,0,0,0,0,0,0,0,0,0,0,0,0,0,0,13.972,175.68,0,0,0,0,0,0,0,0,0,103.33,0,0,0,0,0,0,0,0,0,0,0,0,0,0,0,0,0,0,0,0,0,124.084,0,0,0,0,0,0,0,0,189.476,0,0,18.98,119.733,0,130.969,0,0,0,0
0,155.79,0,0,0,93.647,0,0,0,0,0,0,0,0,0,0,0,0,0,0,0,0,0,0,0,0,0,0,0,0,0,0,0,13.826,72.791,0,0,0,409.297,234.388,0,0,0,0,0,218.114,0,0,135.731,0,0,0,0,0.908,0,0,0,0,0,0,0,0.339,0,0,0,0,488.312,0,0,0,0,0,0,0,0,0,0,0,14.962,45.488,0,0,0,0,0,0
0,165.758,0,0,0,96.582,6.857,0,0,0,0,0,0,0,0,0,0,0,0,0,0,79.219,0,0,0,0,0,0,0,0,440.241,0,0,6.533,115.79,0,0,0,682.682,265.451,0,0,0,0,0,0,269.064,0,0,0,0,0,0,0.759,0,0,0,0,0,0,0,0,0,176.843,0,0,0,0,0,0,0,0,0,63.159,0,0,0,0,38.843,11.323,0,119.328,0,0,0,0
0,165.601,0,0,0,95.275,92.489,0,0,0,0,0,0,0,0,0,81.393,34.708,0,0,0,0,0,0,0,0,0,0,0,0,168.462,0,0,0,70.141,50.697,0,0,0,0,0,0,143.754,0,0,0,0,0,0,0,0,0,0,0,0,0,0,0,0,0,0,0,0,208.016,195.154,0,0,0,0,0,0,0,0,0,0,0,0,0,0,0,0,94.974,0,0,0,0
0,234.26,0,0,0,101.202,0,0,0,0,0,0,0,0,0,0,18.42,143.228,0,0,0,0,0,0,0,0,0,0,0,0,0,0,0,0,10.274,0,0,0,0,0,0,0,0,0,0,0,0,0,0,0,0,0,0,0,0,0,0,0,0,0,0,0,0,0,0,0,0,0,0,0,0,0,0,0,0,0,0,0,17.897,0,0,3.933,0,0,0,0
0,135.231,9.282,0,0,95.014,0,0,0,0,0,0,0,0,0,0,30.642,3.239,0,0,0,0,0,554.222,501.378,246.799,0,0,0,0,137.476,0,0,6.72,33.451,0,0,0,0,0,0,0,0,0,0,0,0,0,0,0,0,0,0,0,0,0,0,0,0,0,0,0,0,0,0,0,0,0,0,0,85.752,0,0,0,0,0,0,0,17.383,0,0,0,0,0,0,0
0,191.166,0,0,0,86.451,0,166.144,0,0,0,0,0,0,0,0,0,5.824,0,0,0,0,0,275.593,0,70.09,0,0,0,0,70.078,0,0,0,27.861,0,0,0,0,0,0,0,0,0,0,0,0,0,0,0,0,0,0,0,0,0,0,0,0,0,0,0,0,0,0,0,0,0,0,0,0,0,0,0,0,0,130.484,0,20.695,0,0,59.332,0,0,0,0
0,59.139,70.224,0,0,83.048,0,50.444,0,0,0,0,0,0,0,0,0,11.466,0,2.336,0,74.497,0,248.021,0,0,0,0,0,0,0,0,0,7.418,31.922,0,0,162.24,0,0,0,0,0,0,0,0,0,0,0,0,0,0,0,0,0,0,0,0,0,0,0,0,0,0,0,0,0,0,0,0,0,0,0,0,0,0,0,0,0,0,0,52.423,0,0,0,0
0,0,0,0,0,258.53,0,25.264,0,0,0,0,0,0,0,0,0,0,0,0,0,0,0,295.58,0,0,0,0,0,0,93.036,0,0,6.569,31.416,0,0,0,0,0,0,0,0,0,0,0,0,0,0,209.445,0,88.215,0,0,0,0,0,0,0,0,0,0,0,0,0,0,0,0,0,0,0,0,0,0,0,0,0,0,0,0,0,59.205,0,0,0,0
0,234.67,0,0,0,69.291,0,53.809,518.719,0,0,0,0,0,0,0,0,0,0,0,0,0,252.353,138.713,0,0,0,0,0,0,123.558,0,0,0,32.528,13.937,0,0,0,0,0,0,0,0,91.301,0,111.747,0,0,0,0,0,0,2.455,0,0,0,0,0,0,0,0,408.727,145.189,231.326,0,0,0,0,0,0,0,0,0,128.466,0,0,0,48.561,0,0,67.057,0,100.449,0,270.638
0,272.808,0,51.181,0,141.175,0,32.768,0,0,0,0,60.41,0,261.586,261.428,61.16,0,0,270.776,0,0,0,0,179.374,100.362,0,0,0,0,44.518,0,0,6.661,29.108,0,0,0,0,0,0,0,0,216.081,0,0,0,272.05,0,0,0,0,0,25.577,0,0,161.772,0,0,0,423.153,0,0,0,0,0,0,9.314,0,0,0,0,0,0,0,0,0,0,16.8,0,0,55.776,294.317,0,0,0
0,211.931,0,0,0,67.877,5.825,44.858,80.752,0,0,0,0,0,82.558,316.667,0,0,0,118.915,0,0,0,85.445,0,0,0,0,0,0,91.511,0,0,0,29.669,14.748,0,0,0,0,0,0,0,0,0,0,0,0,134.865,0,0,0,0,7.629,0,0,43.294,0,120.544,0,216.169,0,0,0,0,0,0,0,0,416.786,82.842,0,0,0,0,204.5,0,0,37.982,0,0,55.414,103.92,0,0,253.023
0,133.284,0,0,0,110.633,0,0,0,0,0,0,0,0,173.759,174.033,0,0,0,66.83,0,0,0,112.302,65.414,66.53,0,0,0,0,0,0,0,6.733,26.987,14.825,0,0,0,0,0,86.552,94.73,0,0,0,0,0,0,0,0,0,0,11.332,0,0,48.774,76.158,0,0,53.181,0,469.514,144.942,0,0,32.141,0,171.045,57.805,0,0,0,0,0,0,0,0,15.987,150.432,0,17.13,94.96,0,0,0
0,217.201,0,0,0,104.006,0,65.147,0,0,0,0,115.605,166.101,64.394,104.339,0,0,0,0,0,0,0,127.339,97.888,56.032,0,0,0,0,0,0,0,6.592,26.652,0,0,0,0,0,0,0,0,0,0,210.162,0,0,166.757,0,0,0,0,1.854,314.696,0,36.576,0,0,0,55.863,0,0,0,0,0,0,0,303.891,106.454,0,0,0,0,0,0,0,0,37.024,0,0,84.82,74.807,0,0,0
0,164.452,0,0,0,98.056,119.933,36.443,81.9,0,0,557.782,0,0,62.907,0,75.255,0,0,0,0,0,0,136.175,0,0,0,0,0,0,124.536,0,0,0,19.984,0,0,187.033,0,0,0,0,0,0,0,0,0,0,0,0,0,58.252,0,3.821,54.781,0,49.353,0,0,0,99.54,0,0,0,0,0,0,0,0,0,0,0,0,104.177,0,0,0,0,19.936,0,0,74.153,0,0,0,0
0,203.835,48.291,0,0,232.518,0,0,0,0,0,78.532,0,0,44.418,62.103,0,138.726,0,92.121,0,155.911,0,95.072,123.324,57.099,0,0,0,0,191.642,0,0,5.659,33.475,0,0,0,0,0,0,0,0,0,0,0,0,0,0,0,0,0,0,11.003,0,0,35.068,0,0,0,52.034,0,0,0,0,0,0,0,22.94,26.549,0,0,0,0,0,0,0,0,37.294,0,0,68.843,59.852,0,0,460.737
0,132.362,0,0,0,94.718,0,54.571,54.261,0,0,84.791,0,0,92.853,78.213,0,101.716,0,3.17,0,0,0,70.139,105.165,56.396,0,0,0,0,0,0,0,0,32.997,0,0,0,0,0,0,0,0,0,0,0,132.609,0,0,0,188.342,0,0,2.965,32.348,0,29.073,0,0,0,49.744,0,0,149.148,0,0,0,63.405,0,0,0,0,0,0,98.96,0,0,0,22.714,0,88.793,76.059,30.271,0,0,0
0,150.724,0,34.489,0,84.512,12.596,36.836,95.846,0,0,100.647,0,0,35.621,41.158,0,0,0,53.89,0,0,0,46.166,0,56.131,0,0,0,0,189.683,0,0,6.749,34.77,0,0,0,0,0,0,0,0,0,105.289,0,0,0,166.665,0,0,0,0,5.811,0,0,36.193,0,0,0,106.393,0,0,0,0,0,0,0,0,0,0,0,151.921,0,0,0,0,0,24.104,0,0,84.444,50.374,0,0,0
0,161.987,0,0,0,77.351,0,0,0,0,0,128.958,0,0,0,0,0,0,0,67.351,0,0,0,85.945,0,0,0,0,0,0,60.93,0,0,0,31.15,0,0,0,0,0,0,0,0,0,0,0,0,0,0,0,0,0,0,3.872,0,0,0,0,0,0,0,0,0,0,0,0,0,0,0,0,85.475,0,0,0,0,0,0,0,28.667,0,0,53.752,40.577,0,0,0
0,146.053,0,0,0,82.046,0,33.49,42.388,0,0,74.994,0,0,98.906,61.968,0,0,0,54.965,0,0,0,171.107,157.948,74.347,0,0,0,0,119.103,0,0,0,34.67,0,0,0,0,0,0,0,0,0,0,0,0,0,0,0,0,0,0,4.001,0,307.437,38.481,0,0,0,0,0,0,0,0,0,0,0,164.49,88.196,0,0,0,0,0,0,0,0,28.245,104.531,0,83.707,46.511,0,0,0
0,162.698,50.67,0,0,87.96,0,51.535,66.013,0,0,39.541,0,0,10.4,63.636,91.175,0,0,61.345,0,0,0,77.091,0,67.156,0,0,0,0,118.203,0,0,0,31.726,0,0,0,0,0,0,0,0,0,0,0,105.405,0,0,97.787,0,0,0,15.459,0,0,39.279,0,0,0,0,0,0,142.21,0,0,0,0,154.23,50.677,0,0,0,0,67.565,0,0,0,28.78,0,0,68.888,0,0,0,0
0,223.158,0,0,0,106.904,0,32.046,0,0,0,95.029,133.717,0,103.916,111.716,0,0,0,11.843,0,0,0,116.584,143.054,77.51,0,15.505,294.165,327.778,117.983,0,0,0,30.124,0,0,117.288,0,0,0,0,176.941,0,0,0,0,0,0,0,0,0,0,4.774,0,0,41.126,0,0,0,155.098,0,0,0,0,0,0,0,60.771,65.245,0,0,0,0,0,0,0,0,51.988,0,0,51.661,62.925,106.19,0,0
538.84,111.99,0,0,0,102.248,0,49.708,0,0,0,47.223,0,0,0,0,3.956,0,330.779,66.671,0,0,0,105.847,145.349,74.101,270.772,0,93.892,38.017,146.213,0,0,6.765,29.865,0,233.094,0,0,0,0,0,0,194.961,98.651,0,0,271.201,0,0,0,0,132.3,4.893,11.566,0,20.208,0,0,0,133.194,0,0,0,0,0,0,0,98.703,83.253,0,0,0,0,0,0,138.502,0,34.4,0,0,65.956,54.808,0,0,0
442.367,0,0,0,0,135.446,0,18.101,0,0,0,36.759,0,0,0,0,2.304,160.635,154.026,0,0,0,0,146.814,111.596,73.372,51.674,0,0,0,0,0,0,13.402,28.838,0,0,0,348.005,308.795,0,0,0,0,0,0,0,0,0,0,0,0,0,2.088,57.773,0,0,0,0,0,174.98,0,0,0,0,0,0,0,119.369,0,0,0,0,0,0,0,0,0,0,0,0,70.462,63.753,0,0,0
318.783,203.864,0,0,0,94.419,97.558,56.224,0,0,0,61.227,0,0,0,0,0,0,85.067,84.943,0,351.147,0,134.582,102.645,72.658,41.244,0,0,0,0,0,0,0,29.129,0,0,2.827,43.945,77.576,157.318,98.208,0,0,0,0,103.385,0,0,0,0,0,0,19.814,78.38,0,44.413,0,0,206.174,23.046,0,0,0,0,0,0,0,113.848,66.535,0,0,0,0,0,0,0,0,24.747,0,0,0,43.156,0,0,0
99.123,0,0,0,0,97.536,0,39.059,0,0,0,10.688,0,0,0,0,0,0,54.552,90.88,0,0,0,119.956,0,0,0,0,50.733,57.723,223.434,0,0,0,28.771,0,0,0,0,3.918,0,0,0,0,0,0,0,0,165.322,88.53,176.623,0,0,0.209,103.353,0,37.039,0,0,57.493,0,0,0,0,0,0,0,0,140.879,69.189,0,0,0,0,0,0,0,0,0,243.622,0,92.356,60.104,0,0,0
0,0,0,0,0,54.719,0,51.046,46.236,0,0,0,119.201,0,35.595,77.853,0,0,112.128,612.903,0,0,0,180.772,0,0,23.415,0,44.047,47.947,0,0,0,0,29.148,0,0,0,0,0,0,0,0,0,0,0,0,0,0,0,0,0,0,5.773,0,0,39.141,0,0,58.239,0,0,0,0,0,0,13.43,0,137.806,33.724,94.181,0,0,0,0,0,0,0,41.959,0,0,4.287,42.381,0,0,0
110.899,269.606,11.992,67.431,307.634,91.079,6.032,77.294,0,0,0,0,0,0,41.713,23.618,45.491,525.829,62.935,173.813,0,0,0,146.014,0,0,52.513,0,40.234,54.597,218.69,0,0,7.37,31.205,0,0,0,84.807,55.898,85.886,0,0,0,0,0,0,0,0,0,0,0,0,19.099,51.416,0,42.156,0,0,0,0,0,0,0,0,0,0,0,117.78,47.316,0,0,0,0,98.829,0,0,0,22.204,0,0,72.49,73.29,0,0,0
141.541,191.694,91.985,0,33.165,252.408,0,72.129,0,0,0,0,0,0,0,0,24.386,68.184,116.482,195.832,0,0,272.556,212.522,0,0,33.797,0,42.845,34.462,0,0,0,0,39.175,0,0,0,61.718,44.461,34.491,0,0,0,0,199.602,84.571,0,0,119.045,0,0,0,3.7,38.032,0,51.281,0,0,43.244,0,0,0,0,0,0,0,0,241.156,44.717,0,0,0,2.551,144.393,0,0,0,34.356,0,0,82.108,50.531,0,0,0
125.05,0,0,0,0,87.393,0,67.285,87.511,0,0,69.444,0,0,135.445,76.38,0,9.312,59.615,97.48,0,1.444,0,135.398,191.711,72.226,0,0,39.377,47.887,218.721,0,0,6.628,37.523,0,0,166.767,54.975,57.376,0,0,0,0,0,0,0,0,0,0,0,0,0,1.633,26.643,0,40.803,0,0,0,0,0,0,0,0,0,0,0,44.931,80.359,36.884,0,0,0,0,189.886,0,0,0,0,0,48.817,64.192,0,0,0
133.457,282.024,0,0,52.973,100.435,0,31.854,48.153,50.843,0,53.862,0,0,24.421,38.72,0,63.15,16.125,48.468,0,0,0,116.113,196.26,92.528,41.322,0,56.824,18.829,0,0,0,0,33.793,0,0,0,63.775,62.769,0,0,0,0,0,0,0,0,0,0,0,0,0,15.901,76.011,0,45.65,0,0,91.796,23.25,0,0,0,0,0,0,0,156.303,67.838,0,0,0,0,0,0,0,0,43.694,0,0,47.13,72.66,0,0,0
63.396,192.836,0,0,24.752,155.514,0,68.249,24.886,0,0,42.603,0,0,34.944,48.467,66.401,77.201,37.336,193.036,0,0,0,112.088,0,91.072,41.307,0,55.393,61.1,186.105,0,0,13.353,29.098,0,0,0,64.043,37.514,95.27,0,0,189.634,0,0,0,185.746,0,0,214.136,0,0,1.144,45.438,0,38.026,0,0,35.653,230.779,0,0,0,0.803,0,0,0,114.149,50.396,0,0,0,0,21.452,0,120.883,0,42.013,0,0,58.64,66.368,0,0,0
183.533,177.224,0,0,31.147,102.454,265.113,49.371,18.201,40.141,0,21.923,0,0,60.88,36.362,0,43.955,32.6,143.942,0,0,0,146.913,0,91.273,31.531,0,39.303,42.834,108.666,0,0,32.949,32.611,0,0,0,33.382,21.873,0,0,152.107,0,0,0,0,0,0,0,0,0,0,0,66.018,0,45.666,0,0,21.275,65.947,0,0,0,0,0,0,0,127.724,53.11,0,0,0,0,0,0,0,0,20.781,0,0,68.342,99.694,0,0,0
77.372,156.062,0,0,23.127,105.614,0,42.869,0,0,0,0,0,0,0,0,0,137.845,25.199,187.757,0,0,0,123.075,192.614,59.479,29.628,0,0,54.46,116.001,0,0,0,23.55,0,0,0,45.484,58.619,0,0,7.573,0,128.317,0,0,0,0,0,0,0,0,1.456,24.875,0,0,0,93.765,43.765,6.254,0,0,0,0,0,33.581,8.318,144.952,43.208,68.209,0,0,0,0,0,0,0,26.008,0,0,63.175,67.694,103.473,0,0
86.887,0,0,35.054,24.831,90.948,0,0,0,0,0,44.576,0,0,0,0,0,91.915,42.709,129.812,0,0,0,146.783,0,0,47.406,42.524,46.995,55.305,173.906,0,0,6.577,26.408,0,0,0,23.282,59.223,0,0,0,0,0,0,0,0,162.701,97.622,0,0,0,1.592,0,0,47.077,0,0,67.745,21.417,0,0,0,0,0,121.54,0,109.083,56.531,0,0,0,0,0,0,0,133.612,0,0,0,54.205,47.365,0,0,0
125.871,247.912,0,0,26.359,286.289,0,48.065,93.453,35.017,0,6.112,0,0,65.85,0,0,0,27.517,108.162,0,138.119,0,149.72,0,0,63.286,0,42.022,61.356,172.556,0,0,0,0,0,0,0,102.168,39.542,0,0,0,0,0,194.119,82.223,0,0,0,0,0,0,3.06,86.568,0,54.406,0,0,0,0,202.402,0,0,0,0,601.543,0,125.906,59.064,0,0,0,0,0,0,0,0,57.304,0,0,56.016,75.2,0,0,0
148.408,0,0,0,33.112,79.787,0,0,0,0,0,0,0,0,48.035,136.388,0,106.936,35.803,148.566,0,0,0,89.882,197.077,72.568,0,0,39.258,58.141,173.404,0,0,7.384,43.045,0,0,0,49.472,40.768,0,41.852,141.665,0,0,0,0,0,0,0,0,0,0,0.647,30.321,0,0,0,0,76.847,72.169,102.849,0,0,0,0,219.975,0,128.998,68.919,0,0,94.186,0,0,0,0,0,0,0,0,71.107,0,0,0,570.337
65.264,0,14.986,0,28.978,90.321,0,63.724,0,0,0,0,0,0,21.488,41.105,0,43.924,39.522,163.461,0,0,0,121.828,0,0,50.681,0,68.566,87.292,0,0,0,13.264,28.831,0,0,0,18.502,38.052,0,0,0,0,0,0,0,0,0,0,0,0,0,0,78.866,0,48.441,0,0,48.411,24.393,18.973,0,0,0,0,0,0,129.181,85.61,0,0,0,0,158.486,0,0,0,34.325,0,0,59.259,84.184,0,0,333.866
209.614,287.71,0,0,31.979,0,6.208,0,0,0,0,0,0,202.753,61.053,63.641,78.582,63.177,57.965,152.571,0,0,0,130.219,234.628,92.666,59.97,0,62.401,71.896,0,0,0,6.751,0,0,0,0,37.723,36.326,78.212,0,0,0,0,0,0,0,0,0,0,0,0,0,52.461,0,59.518,0,0,60.032,121.598,0,517.62,0,297.713,166.215,31.457,0,148.115,51.766,163.585,0,0,0,0,0,96.518,0,17.971,0,0,56.087,64.052,0,0,305.762
153.646,0,0,0,38.737,99.5,0,66.747,0,0,0,58.43,0,0,17.895,0,0,97.302,42.564,113.976,0,0,0,134.117,0,0,42.038,52.358,52.072,62.656,0,0,0,6.711,41.557,0.147,0,0,53.104,43.475,160.12,0,0,0,0,0,0,0,0,0,0,0,0,0,0,0,30.468,0,0,52.138,64.093,87.693,0,0,0,0,0,0,72.432,45.869,66.782,0,0,0,0,0,0,0,34.155,0,0,70.475,76.045,0,0,64.318
186.984,202.015,0,39.549,52.091,99.004,0,0,165.262,136.744,0,140.098,0,0,0,0,0,0,20.485,0,0,67.999,0,125.318,178.974,104.58,70.572,0,0,0,233.265,0,0,7.436,29.819,111.603,0,0,37.271,42.884,0,0,0,0,0,0,0,0,0,0,197.387,69.733,0,0,0,0,0,0,0,80.343,4.387,46.673,0,0,0,0,0.594,0,130.113,33.264,0,0,0,0,0,0,0,0,0,0,0,0,74.495,0,0,0
77.533,0,64.601,0,30.391,102.848,0,52.513,30.815,58.21,0,29.247,86.349,0,0,0,0,110.565,53.998,242.44,0,0,0,111.327,92.551,112.662,0,83.57,68.267,79.906,142.762,0,0,0,31.208,81.18,0,0,38.701,43.046,0,0,0,185.336,0,0,0,0,0,0,0,0,0,0,51.617,0,0,0,0,78.244,0,0,0,0,0,0,0,26.616,126.393,66.638,45.676,0,0,99.42,0,0,0,0,0,0,0,77.653,74.895,0,0,153.002
0,0,0,0,61.424,82.895,5.402,0,20.968,37.352,0,42.668,0,0,0,0,0,109.625,26.926,120.189,0,0,0,148.375,0,0,0,0,83.778,88.575,0,0,0,0,27.721,32.034,0,0,0,0,0,0,0,0,0,0,85.111,203.457,0,87.131,0,0,0,0,0,202.728,52.463,0,0,0,0,0,0,0,0,0,0,0,116.722,54.136,31.394,0,0,0,0,0,0.484,0.615,0,0,246.277,62.02,71.255,0,0,245.2
257.572,0,0,0,47.636,95.56,0,86.351,0.874,15.959,0,25.63,0,0,33.957,0.858,6.934,0,46.156,141.566,0,0,0,177.46,0,0,65.459,0,75.752,81.573,227.952,0.674,0,0,36.582,0,0,0,47.953,56.714,0,57.715,142,0,0,0,0,0,0,0,0,0,0,0,51.901,0,45.195,0,0,78.034,0,0.631,0,0,0,0,0,0,303.727,63.822,0,0,0,0,0,0,0,0,44.31,0,0,40.733,65.373,429.165,0,158.932
110.531,288.35,0,0,56.74,91.648,0,0,0,0,0,16.33,83.379,0,58.218,129.502,0.624,90.263,22.508,100.659,0,0,0,139.413,233.946,111.64,56.764,0,53.738,78.78,150.886,0,0,0,37.889,0,0,0,45.61,40.297,0,0,0,0,0,0,0,0,0,0,0,0,0,0,11.208,146.692,0,0,0,58.566,0,44.68,0,0,0.682,0,0,0.645,0,0,61.25,0,0,0,0,0,0,0,0,0,0,66.923,81.891,41.937,0,186.618
206.473,104.188,0,0,55.177,97.25,0,50.124,0,0,0,31.557,0,0,22.645,0,4.682,119.854,42.646,129.813,0,0,0,161.387,0,110.802,75.384,0,55.537,59.658,86.4,0,0,0,16.375,0,0,0,92.159,60.997,0,0,0,0,0,0,0,0,0,0,0,0,0,0,67.062,67.151,61.631,0,0,0,198.741,40.756,0,0,0,0,0,0,0,0,43.246,0,0,0,0,0,0,0,30.429,0,0,57.164,72.425,0,0,223.063
128.918,116.038,0,0,64.192,104.223,0,0,0,0,0,0,0,0,0,0,1.051,65.624,18.439,207.745,0,0,0,74.309,0,0,63.436,0,49.736,58.533,142.351,0,1.431,7.227,37.339,0,0,0,14.315,16.442,158.762,0,0,0,142.186,0,0,0,0,0,0,0,0,0,84.395,51.529,0,0,0,45.399,0,0,0,0,0,0,0,0,91.658,60.023,31.79,0,0,0,131.349,0,0,0,36.983,0,0,5.564,74.992,0,0,198.673
108.895,127.961,0,0,56.784,89.576,0,74.195,0,0,0,37.108,0,0,0,0,1.142,74.549,0,133.157,0,0,0,202.426,227.952,102.263,53.627,0,72.397,77.492,0,0,0,0,30.157,0,0,0,62.306,40.335,0,0,0,0,0,0,0,0,0,0,0,0,0,0,32.074,77.395,47.326,0,0,65.188,0,0,0,0,0,0,0,0,138.792,0,47.257,0,0,0,0,0,0,0,0,0,0,57.334,79.11,119.71,0,222.981
164.17,0,0,50.888,43.422,97.623,0,56.593,0,0,0,0,0,0,92.53,119.078,0.481,5.464,33.277,0,0,0,0,85.373,0,0,0,58.483,52.885,52.432,228.283,66.263,78.975,6.741,29.525,0,0,0,63.962,38.712,0,0,0,0,0,0,0,0,0,0,0,0,0,0,0,72.378,0,0,0,0,48.6,59.516,524.064,0,0,238.145,0,0,76.884,61.596,0,0,0,0,0,0,0,0,0,0,0,57.345,76.822,0,0,296.914
211.692,0,0,0,45.789,93.594,0,46.522,0,0,0,0,0,0,0,0,0,405.581,19.045,122.364,0,0,0,111.95,239.115,105.739,83.808,0,0,0,0,0,0,0,32.287,0,0,0,44.861,41.256,0,64.799,131.568,0,0,0,0,0,164.688,0,0,0,0,0,5.593,0,0,0,0,65.209,0,0,0,142.064,285.931,0,0,0,0,0,38.06,0,0,0,90.898,0,0,0,53.407,0,0,50.381,85.022,0,0,138.454
181.719,294.721,0,0,34.97,222.662,65.266,64.814,129.03,0,0,0,0,0,0,0,1.864,85.994,0,225.314,0,0,0,184.575,0,0,0,0,57.405,68.607,224.069,0,0,13.394,27.041,0,0,0,43.774,42.894,0,0,0,0,0,0,0,0,0,0,0,160.676,0,0,0,177.305,53.144,0,0,0,0,28.634,0,130.566,0,259.648,0,0,124.924,57.85,38.616,0,0,0,0,0,0,0,0,0,0,8.057,83.59,0,52.208,246.543
171.491,0,89.012,0,51.551,79.459,0,75.735,0,0,99.531,89.682,0,0,76.726,108.062,0.967,84.712,34.519,148.765,0,0,0,77.431,268.406,212.196,112.278,89.405,81.496,96.802,0,0,0,0,30.868,0,0,0,42.862,51.376,0,0,0,0,0,183.393,0,0,0,0,0,0,79.61,184.834,0,69.356,0,0,0,81.99,253.085,21.298,0,0,0,325.25,0,0,156.231,0,45.508,0,86.567,85.306,0,0,0,0,29.697,0,0,75.227,84.706,78.39,0,193.818
137.268,14.927,0,0,46.083,71.255,0,0,0,109.891,66.785,69.586,147.857,0,66.763,39.063,127.428,0,65.281,148.952,0,0,0,0,206.484,0,0,0,78.404,98.542,250.288,0,0,5.722,36.94,0,0,0,45.416,23.85,497.632,0,0,198.998,0,0,83.669,196.989,0,0,0,128.644,0,0,19.993,46.834,0,0,0,0,0,0,0,0,0,228.801,0,0,112.759,73.368,0,0,0,0,0,272.757,0,0,20.056,0,0,0,78.691,0,0,205.007
181.429,0,0,0,26.437,80.875,0,105.081,86.449,0,13.735,30.295,0,0,36.738,63.923,1.173,52.762,23.657,151.36,0,167.544,555.509,184.864,0,0,100.492,0,52.291,57.443,0,0,0,0,31.13,0,173.035,0.379,43.71,39.6,0,0,0,0,0,0,0,0,0,0,0,0,0,0,135.51,80.469,59.974,0,0,0,0,0,0,0,0,0,0,0,0,0,58.189,0,0,0,0,0,141.025,0,0,0,0,71.634,11.552,0,3.513,112.699
0,335.442,0,0,41.12,90.067,0,0,0,0,30.723,0,0,182.129,0,0,54.535,153.059,0,148.105,0,0,229.907,134.449,0,0,54.822,90.056,76.554,84.405,245.278,0,0,6.703,0,92.238,0,0,60.507,50.155,0,0,0,0,0,0,0,0,0,0,0,110.222,0,0,68.952,129.806,15.457,0,0,81.589,0,0,0,0,0,0,0,10.886,0,0,52.383,0,0,0,122.193,0,0,0,54.857,9.08,0,46.634,61.657,95.48,1.211,205.631
236.938,0,0,0,26.345,90.433,0,0,0,0,0,31.185,0,0,40.165,0,0,63.457,0,12.148,0,0,0,0,0,0,0,0,0,0,0,0,0,0,0,0,0,0,36.189,26.069,0,0,0,0,0,0,0,0,0,0,0,0,0,0,28.306,0,0,0,0,0,250.82,30.382,0,0,0,0,0,0,131.266,0,0,0,0,0,0,0,0,0,0,0,0,51.142,68.047,0,0,185.05
0,0,0,0,18.767,101.512,68.851,82.356,0,0,0,0,0,0,28.795,0,0,129.302,0,0,0,0,0,0,0,0,0,0,67.399,72.328,0,0,0,0,0,0,0,0,75.615,48.079,0,0,0,0,0,0,0,0,0,0,0,0,0,0,67.964,84.729,0,0,0,44.48,0,8.412,0,0,0,0,0,0,0,455.071,41.107,65.766,0,0,0,0,0,0,0,0,0,68.016,79.834,66.597,0,99.692
57.045,0,0,0,0,83.691,0,0,0,0,0,0,0,0,0,0,0,0,0,0,0,0,0,0,0,0,0,0,49.221,58.08,0,0,0,0,0,0,0,0,0,0,0,0,0,0,0,0,0,0,0,0,0,0,0,0,0,0,0,0,0,0,0,0,0,0,0,0,0,0,0,0,0,0,0,0,0,0,0,0,0,0,0,0,23.245,0,0,188.097
175.711,293.932,0,0,42.733,100.445,0,0,0,0,0,0,0,0,0,0,0,0,0,136.002,0,0,73.346,0,211.502,84.351,0,0,20.853,28.124,0,0,0,0,0,0,0,0,36.145,31.59,0,0,0,0,0,0,0,0,0,0,0,0,0,0,0,0,0,0,0,0,0,0,0,0,0,0,0,0,0,0,0,18.987,0,0,0,0,0,0,30.162,0,0,45.66,72.485,0,0,167.809
196.158,0,0,0,24.666,85.326,0,62.376,0,0,0,0,0,0,0,0,0,206.922,0,60.66,0,0,43.762,133.04,0,0,66.702,0,44.214,51.311,171.094,0,0,0,0,0,0,0,39.295,33.951,0,0,0,0,0,0,0,0,0,0,0,0,0,0,0,101.366,0,0,0,0,0,0,0,0,0,0,0,0,0,0,0,83.112,0,0,0,0,0,0,0,0,0,35.828,0,78.993,0,124.435
0,0,0,0,39.864,84.3,0,0,0,0,0,0,0,0,0,0,0,41.015,0,60.732,0,0,59.661,204.364,0,0,64.318,0,75.617,79.481,171.743,0,0,5.761,0,0,0,0,59.119,38.612,0,0,0,0,0,0,0,0,0,105.99,0,0,0,0,0,0,0,0,0,0,0,26.656,0,0,0,0,55.42,0,118.006,0,39.725,0,0,62.984,0,0,0,0,0,0,0,45.495,0,0,0,316.538
0,266.583,0,0,41.147,84.702,0,0,0,0,0,0,0,0,0,0,0,87.983,56.934,43.646,0,113.816,59.181,102.193,214.522,102.282,34.91,0,0,0,0,0,0,0,49.018,0,0,0,94.799,57.16,0,70.753,86.301,0,0,0,0,0,0,123.421,0,0,0,0,0,157.753,60.945,0,257.781,68.588,150.368,0,0,0,0,0,24.624,26.774,0,0,0,86.082,0,0,0,0,0,0,33.796,0,0,64.571,145.808,76.538,0,186.143
285.245,0,0,0,30.375,84.205,0,69.833,0,0,0,0,0,0,0,0,0,191.31,20.889,155.771,0,168.372,111.143,0,253.678,151.545,51.032,0,67.728,101.948,0,0,0,5.595,51.369,0,0,0,0,0,0,0,0,0,0,0,0,0,0,0,0,0,0,0,0,0,0,110.546,0,0,48.676,41.418,0,0,0,0,0,0,0,0,0,0,0,0,0,0,0,0,0,0,0,3.213,95.264,0,57.236,295.626
223.187,0,0,0,46.549,91.962,0,0,0,0,53.433,0,0,0,0,0,0,60.517,0,0,0,0,0,0,0,117.052,0,0,0,0,0,0,0,0,0,0,0,0,0,0,0,0,0,0,0,0,0,0,0,0,0,0,0,0,123.436,0,0,0,0,0,0,0,0,0,0,0,0,0,134.031,81.797,64.555,15.059,0,0,0,0,0,0,0,0,0,0,80.511,54.861,0,240.948
138.903,259.04,62.293,0,28.771,0,0,103.664,0,0,90.186,0,0,0,0,28.592,0,75.155,62.433,228.102,0,0,101.587,0,235.896,116.167,75.351,0,72.942,83.87,169.792,0,0,0,0,0,0,0,0,0,0,0,0,0,0,0,0,0,0,0,163.775,0,0,0,0,108.713,0,3.49,0,0,0,25.375,0,0,0,0,0,0,120.092,0,0,83.13,0,0,0,0,0,0,42.52,0,214.391,0,59.677,0,0,300.694
136.763,0,0,0,31.889,102.312,0,0,83.538,0,0,0,0,0,73.482,0,0,0,0,100.737,0,0,61.197,191.344,0,0,0,0,54.192,62.605,0,0,0,0,0,0,0,0,0,0,0,0,0,0,0,0,0,0,0,0,0,0,0,0,100.195,0,0,0,0,0,0,0,0,0,0,0,0,0,0,0,61.145,0,0,0,0,0,0,0,0,0,0,0,92.528,0,0,264.639
0,0,0,0,40.302,83.588,0,75.07,0,65.505,61.643,0,0,0,91.276,169.554,70.97,118.128,0,142.685,0,0,73.644,119.694,256.548,123.77,0,0,68.22,78.086,153.367,0,0,0,64.329,0,0,0,0,0,0,0,0,0,0,0,150.732,0,0,122.925,0,0,0,0,0,136.84,57.811,33.666,39.326,0,0,0,0,0,0,0,0,0,0,0,0,84.224,0,0,0,0,0,0,31.387,0,0,0,0,0,0,159.258
0,0,0,0,0,174.094,53.364,0,0,30.944,7.682,0,0,0,50.635,0,0.258,117.205,14.686,0,0,0,0,0,0,0,0,0,43.678,0,104.015,0,0,0,0,0,0,0.858,82.839,66.183,0,0,0,0,0,0,101.503,0,0,0,0,148.478,0,0,0,0,0,75.132,35.059,68.022,0,75.924,0,0,0,0,0,0,0,0,0,64.155,0,0,0,0,0,0,0,0,0,0,101.741,111.388,0,163.51
233.77,297.425,0,0,0,92.714,0,90.824,0,0,27.581,0,0,0,0,0,0,0,41.648,0,0,0,31.657,196.802,258.334,122.039,105.353,60.078,0,72.183,0,0,0,5.754,0,0,0,389.853,0,0,0,0,0,0,0,0,0,0,0,0,0,0,0,7.995,0,0,0,0,0,0,0,0,0,0,0,0,0,0,0,0,0,0,0,0,0,0,0,0,43.588,0,0,94.27,81.309,0,0,166.967
0,0,0,0,64.233,0,0,0,0,0,0,0,0,0,0,0,0.777,0,0,217.321,0,0,128.567,167.48,0,0,0,0,65.13,77.188,0,0,0,0,0,0,0,0,93.947,67.957,0,0,0,0,0,0,0,0,0,121.697,0,0,0,0,20.246,179.622,0,62.963,0,0,183.548,0,0,0,0,0,0,0,0,0,94.244,81.078,0,59.254,0,0,0,0,0,0,0,62.931,0,0,0,328.464
248.287,0,0,0,7.648,96.675,0,0,0,0,0,0,0,0,82.171,110.215,0,210.791,0,18.507,0,84.57,47.291,0,0,0,98.483,0,0,0,0,0,0,6.687,0,0,0,0,0,0,0,0,0,170.911,177.213,0,0,208.009,0,0,0,0,0,97.339,75.511,0,0,23.416,46.513,0,0,0,0,0,0,0,0,0,0,0,41.153,0,0,0,0,0,0,0,0,0,0,103.36,4.082,87.859,0,352.65
93.493,0,0,0,39.816,83.877,0,77.319,0,0,0,0,0,0,43.467,37.885,0,178.197,55.553,0,0,0,86.267,137.318,0,0,0,0,73.687,85.048,224.866,0,0,0,63.776,0,0,0,90.049,66.166,0,0,0,0,0,0,152.219,0,165.639,0,249.434,0,0,0,0,0,0,44.125,36.279,0,0,0,0,0,0,0,0,0,0,0,0,17.411,0,0,0,0,0,0,0,0,0,0,131.978,0,2.528,213.676
237.83,227.5,60.34,0,0,73.3,7.355,6.706,0,0,0,0,0,0,40.155,47.195,63.313,0,0,119.025,0,92.301,37.891,0,0,0,0,0,63.156,76.28,0,0,0,6.617,0,0,0,0,0,0,0,0,0,0,0,0,0,0,0,0,0,0,0,0,0,231.478,76.505,39.77,32.583,0,0,44.342,0,0,0,0,0,0,0,0,79.913,87.972,0,0,0,0,0,100.614,30.615,0,59.085,67.402,0,0,0,165.459
235.624,0,14.085,0,72.454,87.782,0,73.361,0,0,0,187.417,149.593,0,0,0,0,264.994,0,0,0,0,0,0,0,0,0,0,0,0,103.375,0,0,0,0,0,0,0,0,0,0,0,0,0,0,0,95.516,0,0,0,0,151.171,0,0,139.203,0,0,42.642,37.475,88.04,0,0,0,0,0,0,28.264,0,290.409,134.347,0,69.667,97.996,0,0,0,0,0,0,0,0,47.402,0,106.555,0,171.113
0,0,0,0,66.754,76.119,0,0,0,0,0,50.332,0,0,0,0,0,0,0,150.953,0,0,147.979,193.299,0,0,64.477,0,0,0,0,0,0,6.707,0,0,0,0,0,0,0,0,0,0,0,0,0,0,0,0,0,0,0,0,0,0,0,54.65,18.05,0,0,47.715,0,0,0,0,9.319,0,0,0,53.288,0,0,0,0,180.465,0,0,0,0,0,61.115,0,88.002,0,147.044
0,170.375,0,0,28.064,99.472,0,0,0,0,0,0,0,0,0,0,0,0,60.2,0,0,0,0,0,0,0,0,0,0,0,0,0,0,0,0,0,0,0,0,0,0,0,0,0,0,0,0,0,0,0,0,0,0,0,0,0,0,0,0,0,0,0,0,0,0,0,0,0,0,0,0,0,0,0,0,0,0,0,27.832,0,0,0,0,0,0,115.564
0,0,0,0,0,87.844,0,0,0,0,0,0,0,0,0,0,64.186,225.302,0,164.751,0,0,140.934,0,0,0,0,0,48.507,0,0,41.781,44.927,0,0,0,0,0,93.28,78.853,0,0,0,0,0,0,0,0,0,0,0,0,0,0,0,0,54.897,45.875,0,0,0,27.896,0,0,0,0,0,0,204.193,76.86,55.666,91.628,0,0,0,0,0,0,0,0,0,74.893,0,0,0,100.187
0,195.024,0,0,0,92.479,122.749,0,153.777,0,0,0,0,0,63.083,0,0.445,134.409,0,0,0,0,0,155.768,0,101.091,0,0,0,0,0,0,0,0,0,0,208.891,0,176.22,0,0,0,0,0,0,0,112.742,0,0,0,0,0,0,0,140.313,0,0,0,0,0,0,0,0,0,0,0,0,0,0,0,0,10.575,0,0,0,0,0,0,48.066,0,0,62.05,103.638,0,27.907,176.084
0,0,0,0,0,198.977,0,97.058,0,0,1.179,0,0,0,0,0,0,141.168,55.65,284.311,0,0,147.321,155.906,0,0,97.996,0,75.136,86.601,0,0,0,6.379,76.602,0,0,0,176.291,89.611,0,70.397,0,0,0,0,0,0,0,131.912,0,118.118,0,0,0,278.016,0,0,0,0,0,0,0,0,0,0,0,0,0,0,66.681,0,0,0,0,0,0,0,0,31.347,120.084,82.215,0,241.672,0,276.473
244.383,246.216,0,0,73.781,63.727,0,0,0,0,0,0,0,0,0,126.862,64.001,124.514,0,0,0,0,0,0,245.453,105.195,0,0,0,0,0,0,0,0,26.127,0,0,0,0,0,0,0,0,0,0,0,0,0,0,0,0,0,0,0,81.326,0,0,0,0,90.733,0,0,0,0,0,0,39.383,0,170.389,86.531,0,79.896,0,0,0,0,0,0,67.193,273.08,0,72.982,0,0,0,245.155
0,0,0,0,51.475,80.786,0,0,0,0,0,0,0,0,0,0,1.964,78.731,0,0,0,0,0,198.412,0,0,0,0,63.841,73.859,219.626,0,0,5.978,20.78,0,0,0,0,0,0,0,0,0,0,0,0,0,0,0,0,0,0,0,0,223.868,0,0,0,0,0,0,0,0,0,0,22.608,0,0,0,0,0,0,0,0,0,0,0,0,0,0,0,96.815,0,0,198.915
0,216.749,0,0,45.221,85.84,0,0,0,0,0,0,0,0,103.822,40.183,1.095,123.643,43.886,134.186,0,0,137.592,0,0,105.319,0,0,0,0,0,0,0,0,0,0,0,0,175.514,88.578,0,0,0,0,0,0,0,0,0,0,0,0,121.684,0,84.15,0,64.156,124.048,58.518,0,224.434,43.19,0,0,0,0,0,0,0,0,47.898,79.892,0,0,0,0,0,0,46.711,0,0,33.809,0,0,0,125.323
269.927,0,0,0,0,88.544,0,122.105,0,0,0,0,0,0,59.82,0,0.653,125.609,34.499,152.565,0,0,51.614,4.524,250.36,104.608,0,86.961,0,0,0,0,0,0,30.285,0,0,0,76.846,101.414,0,0,0,0,0,0,111.618,0,0,129.184,0,0,0,69.826,0,229.436,0,31.493,0,0,0,0,0,0,0,0,29.077,2.229,167.981,100.21,63.965,0,0,0,0,0,0,0,0,0,0,77.932,64.852,0,0,181.905
0,212.044,0,0,0,91.755,0,0,0,199.228,107.56,116.586,0,0,0,0,8.469,213.617,0,228.377,0,0,0,0,0,0,98.445,0,65.308,75.332,0,0,0,0,0,0,0,0,162.916,104.46,0,0,278.828,0,0,0,0,0,0,0,0,0,0,0,131.356,0,0,33.556,102.109,89.319,0,27.163,0,0,0,0,0,0,0,0,0,6.378,0,0,0,0,0,0,42.431,0,0,57.377,79.896,0,0,168.508
220.016,0,18.229,0,0,56.248,0,0,189.044,0,38.708,0,165.167,0,0,0,0,128.006,38.86,166.21,0,0,0,213.674,0,96.829,0,0,62.929,73.958,0,0,0,5.928,0,0,0,266.741,0,0,0,0,0,0,135.916,0,0,0,156.829,0,260.128,0,0,0,0,0,0,106.682,0,0,0,0,0,0,0,0,0,0,171.144,107.407,0,91.222,90.81,0,0,0,0,0,0,0,0,94.039,0,0,0,0
0,265.115,0,0,75.993,68.919,0,71.379,0,40.45,37.568,0,0,0,147.365,0,58.058,317.593,0,180.766,0,0,223.965,0,42.097,0,0,133.762,0,0,214.166,0,0,13.225,70.381,0,0,0,159.941,106.711,0,0,0,0,0,0,0,0,0,0,0,0,0,0,134.652,247.71,0,38.892,0,0,0,0,0,0,0,0,440.845,0,0,0,63.513,0,0,0,0,0,0,0,44.007,0,0,0,81.383,0,24.317,182.421
226.513,0,0,0,53.429,74.919,0,26.586,0,13.807,44.014,102.235,0,0,104.562,150.983,0.889,0,79.344,0,0,0,0,0,0,96.31,88.563,0,62.802,72.931,0,0,0,0,0,0,0,0,0,0,0,35.45,0,0,0,0,0,0,0,0,0,445.571,0,0,0,0,70.422,0,0,0,0,0,0,132.916,0,0,146.503,72.407,170.255,101.134,0,0,0,0,125.309,0,237.861,0,0,0,0,113.116,0,141.519,0,174.311
0,206.665,0,0,0,88.215,0,0,0,0,0,16.816,0,0,0,0,0.637,265.554,0,75.141,0,0,0,0,271.822,94.388,0,91.447,0,0,0,0,0,0,63.804,0,0,0,168.695,109.278,0,0,0,0,0,0,0,0,0,0,0,182.941,0,0,0,0,0,0,0,0,257.825,0,0,0,0,0,14.418,0,0,0,0,0,0,0,0,0,0,84.335,35.18,0,0,0,101.551,0,10.435,184.129
290.636,0,22.405,0,0,0,0,116.842,70.234,54.236,61.007,0,0,0,0,0,1.111,138.647,0,210.796,0,189.629,0,228.185,0,0,89.278,0,54.707,96.236,214.419,0,56.752,0,0,0,0,0,0,0,0,0,0,439.112,0,0,112.995,0,0,0,0,4.534,0,0,0,231.283,0,0,0,0,0,0,0,0,0,0,0,0,0,0,0,89.192,0,0,0,0,0,0,0,0,0,138.581,81.223,121.186,0,173.699
198.883,232.826,16.874,0,70.868,83.658,8.85,0,0,0,99.468,0,0,0,0,145.38,0,154.675,47.007,141.621,0,123.653,1.375,0,0,107.17,0,0,0,0,0,43.207,0,6.602,0,0,77.667,0,0,0,0,0,0,76.973,0,0,0,258.746,0,0,0,36.694,0,0,166.147,0,0,113.674,85.526,86.802,0,98.25,0,0,0,0,0,138.154,174.784,113.424,61.64,16.156,0,145.905,0,0,0,0,31.325,0,0,0,0,0,1.354,173.35
0,0,0,0,0,186.598,0,141.321,0,0,0,84.289,0,0,0,0,1.285,145.874,0,0,0,0,197.725,0,242.181,97.942,0,0,66.622,89.443,0,0,0,11.471,65.439,0,0,0,162.895,0,0,0,0,0,0,195.758,0,0,0,0,0,46.421,0,0,0,0,66.496,0,1.446,0,0,0,0,0,0,0,0,0,174.809,136.974,0,82.471,0,0,548.701,0,0,0,0,0,0,88.332,0,0,0,174.943
208.173,232.915,0,0,89.289,76.528,0,0,0,0,0,0,0,283.557,0,0,0,92.817,0,0,0,0,0,0,0,0,82.269,0,55.778,75.607,0,0,0,0,0,0,0,0,0,0,0,0,0,52.821,0,0,0,13.837,0,0,0,67.044,0,0,0,266.996,0,0,0,0,0,0,0,128.478,0,241.735,0,0,0,0,77.734,0,0,0,0,0,0,0,62.507,0,0,0,100.211,0,0,175.537
0,0,0,0,0,0,0,0,0,0,0,0,0,0,0,0,0,0,0,0,0,0,0,0,0,0,0,0,0,0,0,0,0,0,0,0,0,0,0,0,0,0,0,0,0,0,0,0,0,0,0,0,0,0,0,0,0,0,0,0,0,0,0,0,0,0,0,0,0,0,0,0,0,0,0,0,0,0,0,0,0,0,0,0,0,0
0,0,0,0,0,0,0,0,0,0,0,0,0,0,0,0,0,0,0,106.483,0,0,0,0,0,0,0,0,0,0,0,0,0,0,0,0,0,0,0,0,0,0,0,0,0,0,0,0,0,0,0,0,0,0,0,0,0,0,0,0,0,0,0,0,0,0,0,0,0,0,0,0,0,0,0,0,0,0,0,0,0,0,0,0,0,0
0,0,0,0,0,90.087,0,0,0,0,0,0,0,0,0,0,0,0,0,0,0,0,0,0,0,0,0,0,0,0,0,0,0,0,55.874,0,0,0,178.184,116.764,0,0,0,0,0,0,0,0,0,0,0,12.241,0,0,0,0,0,0,0,0,0,0,0,0,0,0,0,0,0,0,0,0,0,0,0,0,0,0,0,0,0,143.752,0,0,0,202.231
0,0,0,0,0,0,0,0,0,0,0,0,0,0,0,0,4.582,159.997,0,137.579,0,0,0,0,0,0,0,0,0,0,0,0,0,0,0,0,0,0,0,0,0,0,0,7.051,0,0,0,0,0,0,0,33.71,0,0,0,0,43.05,0,0,0,0,0,0,0,0,0,0,0,0,0,0,0,0,0,31.718,0,0,0,0,0,0,71.943,0,0,0,139.091
0,0,0,0,0,77.665,0,108.486,0,0,0,0,0,0,0,0,0,122.748,0,0,0,76.081,0,0,235.665,104.23,0,0,53.789,73.604,0,0,0,0,0,0,0,0,182.359,98.335,0,0,0,89.977,125.632,0,0,50.046,0,0,214.607,92.819,0,0,127.77,0,0,0,0,0,0,0,0,0,0,0,0,0,0,0,68.707,90.969,0,0,48.477,0,0,0,60.509,0,0,0,0,115.421,0,135.154
261.054,305.694,15.451,0,0,0,0,0,0,0,0,0,0,0,0,0,0,121.579,0,283.704,0,57.031,0,0,0,97.941,99.946,0,56.33,66.568,0,0,0,0,67.904,0,0,0,178.668,106.793,0,0,0,58.658,0,0,0,42.932,0,0,0,37.92,0,0,0,265.557,0,0,0,0,0,0,0,0,0,0,10.114,0,0,0,0,0,0,0,56.344,0,0,0,0,0,0,109.201,105.318,0,2.709,140.911
0,0,0,0,0,0,0,75.769,0,0,0,0,0,0,0,0,0,135.128,0,126.933,0,47.528,202.948,290.614,235.387,97.004,0,0,0,0,218.298,0,0,6.563,0,0,0,0,0,0,0,0,248.201,50.368,0,0,0,38.17,0,0,0,0,0,0,154.097,0,0,0,0,0,0,0,0,0,0,0,0,0,194.829,111.751,0,0,0,0,63.735,0,0,0,69.038,0,0,124.346,0,0,0,0
266.78,250.151,0,0,0,57.839,218.708,0,0,0,0,0,0,0,0,0,0,0,0,0,0,72.037,0,0,0,0,0,0,60.518,78.925,0,0,0,0,76.757,0,0,0,166.112,104.932,0,0,0,57.231,0,0,90.51,43.647,0,90.664,0,67.152,0,0,0,0,0,0,0,0,0,0,0,0,0,0,0,0,192.027,113.702,66.702,87.916,0,0,48.5,0,0,0,0,0,0,0,0,146.672,0,185.178
191.361,0,14.937,0,0,71.76,11.177,0,0,0,0,0,0,0,0,0,0,0,0,188.877,0,44.136,48.473,0,220.886,106.979,0,94.277,0,0,0,0,0,0,0,0,0,0,0,0,0,0,0,56.698,0,0,0,41.682,0,0,0,0,0,0,0,0,0,0,0,0,0,0,0,0,0,0,0,0,0,0,0,0,0,45.824,59.085,0,0,0,58.712,0,0,63.223,100.402,0,0,196.735
0,281.639,0,0,0,66.563,0,62.053,0,0,0,0,0,0,0,0,0,201.155,57.319,0,0,58.944,0,0,0,0,101.67,0,56.138,70.449,0,0,0,7.269,48.51,0,0,0,167.78,103.606,0,0,0,0,0,0,0,0,0,0,0,0,0,0,0,0,0,0,0,93.361,0,0,0,0,0,0,16.769,0,0,0,0,0,0,0,40.166,0,0,0,0,0,0,0,0,0,0,0
0,0,0,0,0,0,0,0,0,0,0,0,0,0,0,0,0,0,0,0,0,0,0,145.913,0,0,0,0,47.361,60.605,0,0,0,0,0,0,0,0,0,0,0,0,0,79.627,0,0,0,78.296,0,0,0,0,0,0,0,0,62.846,0,0,0,0,0,0,0,0,0,0,0,0,0,0,86.585,0,0,42.584,0,0,0,58.225,0,0,0,0,0,0,0
0,248.425,0,0,0,82.329,0,0,130.454,117.403,151.662,0,0,0,0,0,0,0,0,0,0,0,0,0,0,0,0,0,0,0,0,0,0,6.545,0,0,0,0,0,0,0,0,0,0,0,0,0,0,0,0,0,0,0,0,0,0,0,87.431,81.407,0,0,63.069,0,0,0,0,0,0,0,0,0,0,0,0,0,0,0,0,0,0,0,122.879,0,0,0,138.965
239.947,0,0,0,0,0,0,70.407,0,0,0,0,0,0,0,92.988,0,141.989,46.046,163.918,0,66.977,242.311,176.49,242.902,98.763,0,0,0,0,0,0,0,0,0,0,0,0,0,0,0,0,0,0,0,0,0,0,0,0,0,70.019,0,0,66.784,0,0,0,0,0,240.674,0,0,0,0,0,0,0,0,0,0,0,0,0,19.74,105.709,0,0,40.282,0,0,0,0,0,0,127.753
0,0,0,0,97.564,75.58,0,0,0,0,0,109.895,0,0,0,0,0,0,19.838,143.334,0,0,75.915,0,0,0,87.919,0,0,0,0,0,0,0,63.014,0,0,0,172.87,108.638,0,0,0,0,0,0,0,0,0,0,0,0,0,0,0,0,0,0,0,89.142,0,0,0,0,0,0,0,0,0,0,62.496,0,0,0,0,0,0,0,0,0,0,98.805,91.286,130.445,0,0
234.172,305.379,0,0,0,84.154,0,0,0,0,0,0,0,0,0,0,0,0,0,0,0,76.025,52.597,245.075,0,0,0,0,68.179,80.04,0,0,0,0,0,0,0,0,0,0,0,0,0,120.633,0,0,0,77.086,0,0,0,0,0,0,0,0,0,112.059,0,0,0,0,0,0,0,0,0,0,0,0,70.686,95.732,0,0,0,0,0,0,49.075,0,0,76.124,0,0,0,139.996
0,0,0,0,0,0,0,0,0,0,0,0,0,0,0,0,0,0,32.514,0,0,0,145.17,0,0,0,0,0,0,0,0,0,0,0,0,0,0,0,0,0,0,0,0,0,0,0,0,0,0,0,0,0,0,0,0,0,0,0,0,0,0,0,0,0,0,0,0,0,0,0,0,0,0,0,0,0,0,0,0,0,0,0,0,0,0,0
0,0,0,0,0,78.787,0,0,0,0,0,0,0,0,0,124.12,0,140.3,0,0,0,57.987,0,0,0,0,0,0,0,0,0,0,0,0,0,0,0,0,0,0,0,0,0,32.525,0,0,0,34.363,0,0,0,0,0,0,71.844,0,0,0,0,0,0,0,0,0,0,0,0,0,0,0,0,0,0,0,107.951,0,156.636,0,0,0,0,120.914,0,0,0,165.171
268.525,0,0,0,0,0,84.207,65.317,0,0,0,0,0,0,0,0,0,127.079,53.984,0,0,64.424,0,0,227.903,103.775,0,0,76.806,87.933,136.364,0,0,0,0,0,0,0,149.563,49.651,0,0,0,45.996,0,0,0,47.424,0,0,0,80.765,0,0,0,0,0,0,0,0,0,0,0,0,0,0,24.126,0,202.214,99.28,0,97.673,0,0,92.147,0,0,0,0,0,81.133,77.505,0,150.587,26.695,131.237
0,327.676,0,0,96.744,75.491,0,0,0,0,0,0,0,0,0,0,0,0,57.916,0,0,156.438,238.218,337.006,0,106.446,0,0,54.846,64.157,85.282,0,0,0,58.014,0,0,343.257,0,0,0,0,232.092,41.146,0,0,0,37.584,0,82.846,0,114.179,0,0,81.473,276.686,0,0,97.367,0,0,80.972,0,0,0,0,21.558,0,195.42,140.544,0,0,112.907,0,100.1,0,0,0,54.062,0,0,0,146.128,0,0,82.627
234.924,0,0,0,0,131.323,0,0,27.781,0,0,0,170.651,0,58.464,72.2,0,147.173,0,316.431,0,70.393,0,0,0,0,0,93.252,0,0,0,0,0,19.182,0,0,0,0,156.213,105.077,0,0,0,0,0,0,0,0,0,0,0,0,0,0,0,0,0,0,0,0,0,0,0,0,0,0,0,0,0,2.333,66.119,0,0,0,69.846,0,0,0,0,0,0,0,0,0,0,0
0,250.078,20.526,0,0,49.827,0,76.108,0,0,0,0,0,0,0,0,89.754,0,56.181,129.695,0,34.669,0,0,230.519,99.153,0,0,61.545,73.479,220.38,0,0,11.335,0,0,0,0,168.662,102.214,0,0,0,0,0,0,0,0,0,0,0,0,0,0,79.922,0,75.445,0,0,0,229.544,0,0,0,0,0,0,0,0,0,0,0,0,0,106.991,59.699,0,0,63.176,208.034,234.872,0,0,0,0,172.233
0,0,76.366,0,0,52.304,4.894,0,0,0,0,51.888,0,0,0,0,6.893,241.679,0,172.924,0,0,0,0,0,100.661,97.447,0,0,0,92.189,0,0,5.589,20.684,0,241.292,0,0,0,0,0,0,0,0,0,0,0,0,0,0,94.783,0,0,0,301.377,0,0,0,0,0,0,0,0,0,0,0,0,0,0,0,97.448,0,69.48,73.029,0,0,0,0,0,0,0,101.731,0,0,0
214.879,217.887,0,0,67.252,107.368,0,120.138,0,0,0,0,0,330.158,28.948,0,0,0,0,0,0,0,0,238.56,133.537,100.433,0,111.791,57.178,68.732,0,0,0,0,0,0,0,0,163.416,100.518,0,60.214,0,139.322,0,0,0,105.634,0,0,0,0,90.653,0,0,0,0,96.172,215.328,0,0,79.087,0,0,0,0,22.721,0,196.338,141.052,77.738,0,0,0,120.59,0,0,0,54.797,0,0,0,0,133.408,0,146.705
0,0,0,0,0,49.994,102.984,0,0,0,0,0,0,0,89.932,0,0.935,183.937,0,2.512,0,79.571,0,210.165,224.395,97.527,0,0,0,0,215.156,0,0,6.242,0,0,0,228.21,154.447,98.187,0,0.658,0,68.575,0,141.649,0,40.557,0,0,287.484,0,0,0,84.45,0,61.139,0,0,89.396,0,0,0,0,0,0,4.952,0,0,0,0,3.811,0,0,58.653,0,263.614,0,0,128.518,0,0,0,0,0,0
0,270.17,0,0,0,61.059,8.418,88.739,124.644,0,0,0,0,0,63.388,133.486,0,0,103.915,387.987,0,0,0,109.141,0,0,97.296,0,62.002,85.905,0,0,0,0,0,0,0,0,0,0,0,0,0,86.401,0,0,0,56.318,0,0,0,81.054,0,0,128.799,257.113,0,0,0,0,0,0,0,0,0,0,0,78.721,178.207,134.396,0,0,0,0,124.395,0,0,0,39.856,0,0,0,96.212,0,0,160.873
0,0,13.459,0,0,58.033,0,0,0,0,0,0,0,0,0,0,0,137.513,27.343,0,0,49.372,0,107.928,0,0,0,0,0,0,214.762,52.865,66.854,5.741,0,0,0,0,152.585,0,0,0,0,202.112,0,0,0,115.901,0,0,0,0,0,0,0,0,0,131.753,0,0,39.912,70.701,0,0,0,0,0,0,0,0,78.932,0,99.553,0,44.986,0,0,0,0,0,0,0,0,153.712,0,0
288.491,252.076,0,0,88.111,52.135,0,77.991,0,199.179,39.109,195.168,0,0,0,0,85.249,287.589,0,186.386,0,0,201.234,0,231.401,97.268,77.017,0,67.193,77.807,0,0,0,6.575,0,0.689,0,199.333,0,0.198,0,0,242.544,64.476,0,0,472.299,46.75,0,0,0,0,0,0,86.394,324.008,0,0,0,0,0,0,0,0,0,0,22.858,13.896,0,0,0,0,0,80.308,0,0,0,0,50.897,0,127.709,0,85.691,0,0,146.083
0,0,0,0,0,47.906,0,0,199.545,0,0,0,0,0,0,0,11.398,0,57.871,103.259,0,0,84.205,254.94,0,95.719,0,0,0,0,0,0,0,5.578,0,0,0,0,0,25.864,0,0,0,125.872,0,0,130.006,83.898,0,0,0,0,0,0,0,0,71.647,0,0,0,0,0,0,0,0,0,0,0,206.681,227.233,0,0,0,0,0,0,0,0,0,0,0,0,0,0,23.035,49.491
236.394,264.123,16.975,0,0,55.533,113.499,69.906,0,0,0,0,187.579,0,64.568,141.635,81.411,160.478,47.894,231.757,0,38.986,124.359,0,235.145,97.428,104.441,68.267,60.233,71.234,212.549,0,0,0,0,0,0,0,0,0,0,0,0,118.201,0,0,0,70.241,0,0,0,93.046,0,0,83.535,0,0,0,0,0,0,0,0,0,0,0,70.173,0,0,0,106.646,0,0,0,137.327,206.145,0,0,66.569,139.063,78.904,0,107.013,0,0,143.954
0,0,134.304,0,102.548,136.162,0,0,0,0,0,0,0,0,0,0,0.911,0,17.541,143.285,0,0,58.685,279.641,0,98.223,0,0,53.834,65.074,0,0,0,0,0,0,0,0,0,81.571,0,0,0,0,0,0,0,0,0,0,0,0,0,0,0,0,0,0,0,85.438,109.262,58.93,0,0,0,0,0,0,0,0,0,0,0,0,117.491,0,0,0,0,137.319,0,0,0,156.56,2.152,155.303
240.804,229.15,0,0,0,46.623,0,52.09,0,0,0,0,0,0,63.706,0,4.901,196.802,0,0,0,0,0,0,222.964,94.577,82.273,0,0,0,210.644,0,0,13.128,55.545,0,191.572,0,0,89.273,0,0,0,0,0,0,143.81,0,0,229.593,0,51.127,0,0,80.582,276.283,0,0,0,0,0,0,0,0,0,0,0,78.957,0,0,0,0,0,0,0,0,0,0,73.174,37.717,0,0,101.685,0,0,0
0,0,0,0,0,0,6.919,82.984,0,177.366,158.075,151.182,0,0,44.245,50.667,0.757,168.459,47.035,235.005,0,0,240.418,161.921,0,93.543,0,0,65.146,94.602,0,0,0,42.019,0,0,0,0,0,0,0,43.813,0,214.843,0,0,86.112,138.936,0,0,218.966,0,0,0,0,0,0,0,0,0,0,0,0,0,0,0,0,0,202.228,134.231,86.852,0,0,0,135.957,0,0,0,0,0,48.761,0,0,0,0,147.785
238.244,0,0,0,80.542,66.938,0,0,0,0,73.675,64.492,0,0,0,34.913,0,112.89,39.12,124.973,0,49.091,0,74.789,211.482,96.125,0,121.711,0,0,0,0,0,23.695,0,0,0,0,0,0,0,0,231.141,100.131,0,0,49.768,55.107,0,0,0,0,0,0,99.097,0,0,0,0,0,252.614,0,0,0,224.146,254.537,20.989,0,0,0,0,0,0,0,0,0,0,0,0,0,0,0,110.059,0,0,0
0,0,0,0,0,0,10.241,62.692,142.531,0,106.868,0,0,0,0,0,78.027,170.543,37.896,0,0,199.105,213.011,0,0,95.428,80.647,153.682,67.455,81.252,208.008,0,0,5.659,0,0,0,0.282,0,0,0,50.293,0,0,0,0,69.888,0,0,0,0,0,0,0,0,259.203,76.52,144.295,218.554,0,0,68.85,0,0,163.865,0,513.112,0,0,0,0,0,48.532,0,145.453,0,177.707,0,0,75.363,164.989,0,0,0,0,149.847
0,254.836,0,0,0,0,0,0,0,0,0,0,0,0,0,0,0,0,0,0,0,0,0,0,0,0,0,0,0,0,0,0,0,0,0,0,0,0,0,0,0,0,0,0,0,0,71.144,0,0,0,0,0,0,0,0,0,0,0,0,0,0,0,0,0,0,0,0,0,0,0,0,0,0,0,0,0,0,0,64.237,0,0,0,0,0,0,0
233.928,0,0,0,0,84.087,0,0,0,0,0,0,0,0,0,0,0,0,0,0,0,0,106.014,0,227.51,93.91,0,0,0,0,0,0,0,0,0,0,0,0,0,95.319,0,0,0,0,0,0,0,0,0,0,0,0,0,0,0,0,0,0,0,0,0,0,0,0,0,0,0,0,0,0,0,0,0,0,0,0,0,0,0,0,0,0,95.833,145.784,0,0
0,92.3,0,0,93.061,54.926,0,40.078,0,0,0,0,0,0,72.528,123.14,0,163.798,12.86,162.561,0,67.057,226.974,0,0,103.636,94.857,0,61.225,73.065,0,0,0,0,0,0,0,0,0,0,0,0,0,0,0,0,83.98,0,0,0,0,0,0,0,14.281,0,0,0,0,0,0,0,0,0,0,0,0,0,237.104,144.964,92.511,0,0,0,156.333,0,0,0,0,33.161,0,0,0,0,0,163.011
204.954,269.248,0,70.003,0,81.578,0.385,48.503,0,0,0,0,0,0,0,0,0,0,47.031,0,0,0,83.625,314.971,221.672,102.989,0,0,0.375,0,0,0,0,0,0,0,0,0,125.842,0,0,0,0,150.768,0,0,94.493,109.063,0,0,0,83.9,0,0,46.289,0,0,122.722,0,0,0,27.381,0,0,0,0,0,0,0,0,0,0,0,0,0,0,0,0,58.386,12.126,0,0,0,0,0,0
0,0,0,0,0,0,0,0,0,0,0,0,0,0,0,0,0,0,0,0,0,0,0,0,0,110.868,0,94.52,0,0,0,0,0,0,0,0,0,0,0,0,0,0,0,0,0,0,0,0,0,0,0,0,0,0,0,0,0,0,0,0,0,0,0,0,0,0,0,0,0,0,88.273,0,0,0,0,0,0,0,0,0,0,90.369,84.25,0,0,0
140.667,0,0,0,110.503,82.16,0,63.745,0,0,0,0,0,0,0,0,0,134.069,0,0,0,0,0,202.803,224.106,109.88,0,0,68.726,84.187,0,0,0,0,0,0,0,0,130.395,101.453,0,0,0,155.235,0,0,96.748,109.13,356.39,0,0,0,0,0,77.072,216.85,0,0,60.931,0,0,57.529,0,0,0,0,0,0,0,0,0,0,0,0,165.108,0,0,0,0,0,0,0,115.416,0,0,171.667
0,241.519,0,32.32,0,79.814,0,0,0.979,0,0,0,0,0,0,0,0,0,63.441,206.673,0,0,0,0,0,106.514,78.058,0,0,0,0,0,0,7.503,0,0,0,0,120.68,0,0,0,0,110.841,0,0,93.98,85.03,0,0,0,0,0,0,0,0,0,0,0,0,210.88,0,0,0,0,0,0,0,220.127,150.735,30.523,0,0,0,0,0,0,0,72.502,0,0,91.615,0,164.806,0,0
0,0,78.264,19.21,91.566,77.655,0,0,0,0,60.394,160.723,0,0,68.919,0,0,129.847,0,0,0,0,276.351,0,214.33,106.967,0,0,64.819,80.608,0,0,0,0,53.889,0,0,0,122.162,0,0,0,0,105.852,0,0,0,82.45,0,0,0,0,0,0,107.198,238.252,73.671,0,0,91.053,0,0,0,0,0,0,0,0,0,0,86.355,0,0,0,0,263.538,0,0,0,0,0,99.403,0,0,22.931,0
251.714,291.834,0,0,0,84.615,6.604,70.646,0,0,95.649,0,0,0,0,0,0,0,0,0,0,0,0,181.496,0,112.256,80.524,0,0,0,0,0,0,6.542,0,0,0,0,0,0,0,69.484,0,0,0,0,0,0,0,0,0,0,0,0,0,0,0,0,0,0,0,0,0,0,0,0,0,0,104.32,166.163,81.525,0,0,0,0,0,0,0,83.102,8.507,0,0,0,0,0,0
0,0,12.43,0,88.683,83.598,0,0,136.772,0,0,0,160.086,0,74.331,129.379,0,124.101,0,0,0,0,0,160.399,0,0,0,0,72.898,87.49,0,0,0,6.514,0,0,0,0,0,0,0,0,0,0,0,0,102.938,0,0,133.613,0,0,0,0,66.23,48.029,0,0,0,0,0,0,0,0,0,0,0,0,214.411,28.126,0,0,0,0,0,0,0,0,0,0,0,125.914,92.943,167.894,0,160.515
181.754,252.099,0,0,0,62.516,0,0,0,0,0,0,0,0,0,0,71.482,318.409,0,156.169,0,0,0,0,0,0,85.181,0,0,0,0,0,0,0,0,0,0,0,76.159,0,0,0,0,0,0,0,115.841,0,0,0,0,0,0,0,0,233.724,0,101.816,156.024,0,0,0,0,0,0,0,0,0,0,0,93.247,0,0.581,97.765,0,0,0,0,61.086,0,0,0,0,0,25.56,0
0,0,0,0,94.493,64.498,0,0,0,0,1.629,0,0,0,0,0,0,0,77.345,0,7.082,108.192,265.811,0,0,0,0,225.858,0,0,211.964,0,0,6.627,62.877,0,0,0,112.399,0,0,0,0,164.668,0,0,115.66,125.024,0,0,247.951,0,0,0,125.553,0,0,0,0,0,0,0,0,0,0,0,14.625,0,0,0,0,7.693,62.851,0,162.092,0,0,0,0,0,0,84.587,79.765,0,4.291,159.125
0,288.853,0,0,0,77.981,0,71.729,0,0,0,0,0,266.048,132.288,0,0,0,0,0,0,84.729,0,183.622,0,0,0,0,61.659,76.75,0,0,0,0,0,0,0,0,112.861,0,0,0,0,0,0,0,115.816,0,78.941,0,0,0,0,0,0,235.186,72.279,62,0,84.153,290.637,0,0,0,0,0,78.531,0,0,179.791,105.807,0,0,0,0,0,0,0,135.137,0,0,86.923,0,161.162,12.871,0
229.317,0,0,0,0,77.771,7.45,0,0,0,2.023,0,0,0,0,0,0,296.946,40.763,1.635,0,60.588,0,0,116.582,110.933,94.674,0,0,0,207.839,0,46.491,0,0,0,0,0,110.911,0,0,0,346.874,0,0,0,118.772,0,110.753,0,0,0,0,0,43.517,0,0,0,0,0,0,0,0,0,0,0,0,0,27.989,0,0,0,0,0,0,0,0,0,0,0,0,0,82.352,0,0,168.106
0,0,0,0,0,0,0,0,0,192.431,140.752,63.886,0,0,0,0,0,0,0,0,0,0,0,0,0,0,0,0,73.139,84.935,0,0,0,20.785,0,0,68.424,0,0,0,0,0,0,176.128,0,0,0,132.388,0,0,0,0,0,0,0,0,0,46.31,0,0,0,0,0,0,0,0,0,0,0,0,0,0,0,0,142.341,0,0,0,0,0,0,0,0,0,0,0
0,0,0,0,0,0,0,0,0,0,0,0,0,0,0,0,0,0,0,0,0,0,0,0,0,0,0,0,0,0,0,0,0,14.186,0,0,0,0,0,0,0,0,0,0,0,0,0,0,0,0,0,0,0,0,0,0,0,0,0,0,0,0,0,0,0,0,0,0,0,0,0,0,0,0,0,0,0,0,0,0,0,0,0,0,0,0
0,0,0,0,0,107.067,0,0,0,0,0,0,0,0,0,0,0,0,0,0,0,0,0,0,0,0,0,0,0,0,0,0,0,11.779,0,0,0,0,0,0,0,0,0,0,0,0,0,0,0,0,0,0,0,0,0,0,0,0,0,0,0,0,0,0,0,0,0,0,0,0,0,0,0,0,0,0,0,0,0,0,0,0,0,0,0,0
